movie_id,genre,mpaa_rating,budget_millions,opening_weekend_millions,domestic_gross_millions,international_gross_millions,runtime_minutes,rotten_tomatoes_score,audience_score,sequel,release_month
1,Romance,PG,8.6,2.84,72.1,7.68,104,51,70,0,8
2,Documentary,PG,155.6,19.96,30.0,12.01,138,41,70,1,10
3,Comedy,R,39.29,7.19,35.73,1.46,121,58,72,0,9
4,Drama,PG-13,37.85,15.49,108.24,252.18,136,61,56,0,2
5,Thriller,R,6.07,38.43,9.39,1.17,70,64,76,0,10
6,Sci-Fi,PG-13,47.41,2.8,18.43,22.29,122,55,66,1,3
7,Fantasy,PG,105.36,8.69,205.41,5.66,131,17,36,0,4
8,Thriller,PG,104.53,10.57,18.99,8.79,81,51,76,1,6
9,Comedy,R,64.61,6.57,4.72,261.07,136,21,77,1,5
10,Horror,R,10.7,35.87,10.28,44.77,112,60,52,1,5
11,Action,PG-13,45.29,5.13,7.25,7.78,191,65,69,1,3
12,Sci-Fi,PG,64.56,6.26,39.03,13.68,70,65,64,1,5
13,Romance,G,5.5,5.2,7.65,10.5,149,54,74,1,1
14,Action,PG-13,10.79,45.17,34.9,31.02,105,61,75,0,6
15,Thriller,G,80.49,6.75,9.42,42.92,74,77,61,0,10
16,Thriller,PG,79.52,21.16,1.55,568.71,101,38,76,0,11
17,Thriller,PG-13,7.04,130.43,36.55,1.87,121,51,41,0,10
18,Action,PG,73.33,11.14,29.76,31.43,140,84,53,0,6
19,Drama,PG,36.43,46.27,48.09,20.63,158,71,47,0,9
20,Comedy,R,72.31,90.52,10.23,136.98,150,70,90,1,5
21,Sci-Fi,PG-13,17.56,41.79,8.9,56.39,90,68,66,0,2
22,Comedy,R,63.13,11.94,41.34,80.28,143,40,52,0,8
23,Sci-Fi,PG-13,77.0,26.33,176.75,55.57,124,72,73,1,8
24,Sci-Fi,PG-13,23.3,2.6,24.89,8.18,98,51,55,0,10
25,Horror,PG,33.71,4.78,42.6,203.75,109,68,72,0,8
26,Thriller,PG-13,17.31,5.9,16.15,109.7,97,53,62,1,3
27,Fantasy,PG,172.71,179.24,3.3,130.75,115,88,79,0,11
28,Animation,G,29.36,4.59,86.29,220.54,96,38,36,0,8
29,Comedy,R,13.17,4.51,79.91,61.96,89,50,37,0,10
30,Horror,PG-13,16.19,3.48,61.81,305.36,126,78,75,0,10
31,Thriller,R,37.59,23.85,19.37,58.35,130,60,66,1,5
32,Documentary,PG-13,70.34,14.46,53.31,23.84,110,61,74,0,2
33,Documentary,PG-13,8.71,44.89,78.41,32.79,149,74,73,1,3
34,Drama,PG-13,210.12,27.26,201.58,31.95,108,59,81,0,2
35,Action,R,45.09,2.32,88.68,15.19,107,52,74,0,4
36,Documentary,PG-13,52.8,4.62,26.65,382.92,131,54,65,1,6
37,Romance,R,30.05,62.7,4.48,51.65,111,43,83,1,11
38,Thriller,G,33.76,9.55,30.03,38.17,117,77,77,0,11
39,Animation,R,28.55,50.66,34.25,59.29,70,77,86,0,9
40,Fantasy,PG-13,91.63,10.18,61.67,2892.23,115,57,46,1,1
41,Thriller,PG,32.85,3.81,142.6,6.06,70,52,48,0,5
42,Documentary,PG-13,71.31,8.47,21.68,9.32,84,83,66,0,9
43,Animation,PG-13,21.46,3.81,376.64,4.18,81,67,66,1,3
44,Fantasy,PG,40.27,6.18,2.49,23.36,88,81,82,0,10
45,Drama,PG,14.82,15.5,42.32,47.86,101,54,62,0,11
46,Drama,PG-13,111.78,22.51,8.69,16.48,102,68,76,0,5
47,Horror,PG-13,14.39,1.81,2.06,14.74,131,75,65,1,9
48,Fantasy,PG-13,23.93,11.93,18.87,41.0,120,87,60,0,3
49,Fantasy,PG,24.17,6.03,3.69,15.59,70,39,88,1,9
50,Romance,G,23.24,5.6,19.89,52.73,117,94,69,0,1
51,Fantasy,R,68.2,14.29,25.67,176.15,122,86,81,0,3
52,Documentary,R,24.13,6.29,105.02,91.43,106,67,80,0,9
53,Romance,PG-13,133.48,63.98,3.46,124.15,113,70,50,0,9
54,Fantasy,R,14.61,50.69,79.92,168.83,119,53,58,0,8
55,Comedy,PG-13,39.23,50.31,27.87,50.61,134,72,78,0,6
56,Horror,PG,15.24,6.73,93.46,26.1,75,44,80,1,8
57,Horror,PG,50.45,3.84,14.0,10.4,108,64,94,1,10
58,Comedy,R,32.59,13.44,4.34,18.42,152,67,87,0,12
59,Romance,PG-13,28.36,10.17,5.04,15.1,150,78,69,1,11
60,Drama,R,108.69,5.87,4.58,99.24,136,59,42,0,10
61,Comedy,R,17.21,2.97,45.66,55.71,128,42,50,0,9
62,Thriller,PG-13,59.53,11.59,167.34,94.17,156,88,87,0,7
63,Action,G,15.35,7.5,11.77,5.81,162,70,73,0,3
64,Animation,PG,37.07,27.83,55.58,283.62,111,60,88,0,3
65,Drama,PG,10.02,27.06,3.39,17.45,90,68,50,0,10
66,Drama,PG,17.07,45.65,31.01,6.36,108,83,67,0,10
67,Sci-Fi,PG-13,30.5,2.69,58.51,17.14,192,64,55,0,8
68,Drama,PG,203.29,19.71,3.73,1374.23,75,57,54,1,6
69,Horror,PG,36.63,5.09,18.82,18.51,103,69,24,1,1
70,Drama,PG-13,173.24,2.82,62.22,20.34,79,67,54,0,5
71,Thriller,PG-13,41.28,7.28,0.54,24.82,118,65,83,1,6
72,Drama,PG-13,22.49,43.92,139.22,26.5,84,86,69,0,6
73,Fantasy,PG-13,154.37,7.79,38.85,10.26,112,75,72,1,12
74,Horror,PG-13,51.27,79.72,62.29,41.05,70,58,92,0,2
75,Comedy,R,17.41,23.54,14.35,166.23,130,44,75,0,7
76,Comedy,PG,53.01,7.59,2.61,53.06,145,56,42,0,5
77,Documentary,PG,24.71,49.01,49.12,6.25,105,78,71,0,12
78,Action,R,4.53,20.79,22.04,19.76,111,57,80,0,11
79,Action,PG-13,84.43,3.98,25.58,14.48,110,55,47,0,6
80,Fantasy,R,98.98,113.36,100.88,35.85,119,77,69,0,12
81,Action,PG,208.08,16.63,66.07,243.64,114,82,59,0,7
82,Drama,R,50.51,12.46,298.15,26.49,134,28,66,1,3
83,Comedy,R,25.82,4.36,29.96,29.01,145,40,82,0,7
84,Drama,PG-13,76.32,50.17,9.99,476.5,94,75,71,1,4
85,Sci-Fi,PG,77.46,22.66,19.2,123.26,107,51,76,0,8
86,Documentary,R,170.42,25.92,42.11,78.34,137,64,87,0,12
87,Comedy,R,31.67,6.63,91.89,624.65,79,51,64,0,10
88,Action,R,28.06,33.15,3.64,69.04,70,77,87,1,5
89,Animation,G,16.19,36.39,24.81,1.68,120,77,77,0,5
90,Drama,R,56.68,5.46,198.82,115.47,127,63,25,0,2
91,Thriller,PG,7.04,2.22,17.95,3.04,96,69,81,0,5
92,Animation,PG,71.96,24.47,82.3,65.24,100,57,57,0,2
93,Thriller,PG-13,59.61,1.84,46.57,2.53,95,47,65,0,6
94,Sci-Fi,PG-13,59.45,14.62,85.0,16.44,93,70,68,0,9
95,Action,PG-13,38.02,7.12,8.56,19.19,132,50,50,1,9
96,Drama,PG-13,153.39,52.58,8.61,10.43,85,67,68,1,2
97,Drama,PG,79.2,7.6,25.19,19.62,108,81,72,1,5
98,Thriller,PG-13,18.05,46.0,3.35,155.84,92,48,48,0,5
99,Drama,R,18.37,6.57,17.28,11.35,78,61,62,0,2
100,Sci-Fi,PG,13.74,40.45,34.08,75.02,136,76,61,0,5
101,Horror,PG-13,57.47,144.37,249.64,7.78,102,78,78,1,5
102,Horror,PG-13,12.18,3.38,41.41,24.92,119,75,77,0,8
103,Thriller,PG-13,97.85,17.3,55.3,53.83,77,81,80,0,11
104,Action,PG-13,124.33,329.82,111.48,7.43,96,60,83,1,6
105,Thriller,PG-13,13.75,13.2,7.0,4.63,133,69,81,0,9
106,Romance,G,27.51,13.12,19.79,69.26,179,37,67,0,3
107,Drama,R,33.67,31.38,574.23,178.51,70,59,18,0,11
108,Drama,PG-13,80.16,12.8,22.13,29.41,109,71,58,0,3
109,Horror,PG-13,165.56,1.57,104.73,16.68,125,48,78,1,4
110,Animation,PG-13,6.14,47.41,85.87,41.83,99,86,60,0,2
111,Thriller,PG-13,24.09,1.1,3.59,35.99,136,73,37,0,5
112,Action,PG-13,25.38,7.39,36.73,47.67,93,94,58,0,7
113,Horror,PG-13,8.16,51.88,29.69,0.75,118,61,70,0,12
114,Thriller,PG-13,20.39,7.94,37.67,6.66,101,80,82,0,10
115,Comedy,PG-13,50.79,5.3,9.2,9.32,145,75,81,0,6
116,Action,PG,25.06,34.99,5.74,41.53,98,56,73,0,7
117,Action,PG-13,7.07,4.39,13.21,43.76,106,52,86,0,8
118,Fantasy,R,586.45,2.81,21.6,85.99,138,64,72,1,10
119,Animation,PG,43.21,16.94,114.49,48.73,89,48,87,0,9
120,Sci-Fi,G,37.03,9.78,260.47,4.71,116,67,55,1,7
121,Action,PG,11.05,2.74,150.74,290.18,70,74,73,0,8
122,Fantasy,R,42.98,26.16,75.06,223.16,87,72,67,0,9
123,Drama,R,28.1,21.27,6.65,5.02,124,67,72,1,3
124,Thriller,PG-13,5.01,7.91,14.42,54.55,90,55,56,0,4
125,Documentary,R,11.36,8.59,32.23,13.56,101,67,73,0,9
126,Documentary,PG-13,73.33,21.42,10.78,40.78,127,46,86,0,11
127,Animation,R,231.37,50.83,51.95,160.77,100,73,68,0,6
128,Drama,PG-13,47.81,8.68,62.59,808.48,135,54,67,0,12
129,Action,PG,99.79,26.73,49.26,102.2,120,77,80,0,4
130,Drama,PG-13,28.34,24.0,93.01,51.54,125,64,74,0,6
131,Fantasy,PG-13,30.37,34.99,7.57,19.89,146,55,67,0,5
132,Comedy,PG-13,98.59,12.77,82.49,43.52,122,44,53,1,12
133,Sci-Fi,PG-13,174.65,4.08,9.93,254.59,153,88,67,0,5
134,Romance,PG-13,121.64,6.99,7.22,30.97,137,80,42,0,6
135,Sci-Fi,PG-13,11.4,18.38,49.0,8.77,101,77,59,0,3
136,Action,PG,30.97,108.0,119.18,2.92,147,77,75,0,7
137,Drama,R,43.71,6.82,46.27,71.49,121,64,89,0,11
138,Sci-Fi,R,25.54,32.0,25.21,47.99,105,58,82,0,5
139,Thriller,R,48.81,8.22,36.72,12.57,121,64,47,0,10
140,Sci-Fi,R,75.23,13.91,29.29,154.32,142,58,47,1,11
141,Fantasy,PG-13,90.27,75.07,5.68,17.59,126,71,85,1,2
142,Sci-Fi,PG-13,178.73,30.48,4.88,27.06,160,53,70,0,9
143,Thriller,PG,23.82,2.75,22.14,32.3,142,74,71,1,4
144,Romance,PG,8.47,6.13,27.22,19.56,128,52,75,1,3
145,Romance,PG-13,47.38,55.01,24.9,47.17,89,51,52,0,8
146,Thriller,R,217.85,14.44,59.08,186.28,110,59,70,1,9
147,Drama,PG,20.55,3.07,18.54,5.97,116,90,65,0,6
148,Comedy,R,65.81,4.56,51.0,68.91,132,52,83,0,1
149,Action,PG-13,66.4,28.34,20.33,42.87,130,87,62,0,11
150,Animation,R,40.1,40.18,262.53,41.71,119,31,66,1,9
151,Documentary,PG,33.35,12.45,27.25,122.46,118,41,55,0,5
152,Drama,PG-13,13.15,237.55,514.37,35.66,133,88,85,0,6
153,Sci-Fi,R,3.38,32.75,38.77,68.06,93,71,73,0,1
154,Documentary,PG-13,10.89,9.1,18.58,96.91,157,87,60,0,5
155,Documentary,PG-13,22.41,4.58,7.62,15.54,70,79,47,0,7
156,Thriller,PG,99.23,3.78,3.76,51.87,151,73,51,1,7
157,Horror,PG,29.87,18.22,6.76,22.73,113,50,51,0,4
158,Comedy,PG,19.71,6.78,7.82,27.14,140,86,64,0,10
159,Comedy,PG-13,13.59,90.78,40.99,20.43,124,72,77,1,5
160,Horror,PG-13,63.87,70.78,12.38,67.13,123,51,83,0,7
161,Action,PG-13,128.81,26.04,31.28,37.43,128,51,53,0,5
162,Horror,PG,95.91,2.96,129.87,59.85,135,36,74,0,6
163,Animation,R,60.71,5.44,21.89,32.26,106,80,92,1,4
164,Animation,R,7.57,54.97,366.1,2.99,140,35,51,0,8
165,Thriller,G,23.3,6.2,5.32,34.71,87,86,74,0,6
166,Sci-Fi,PG-13,232.13,46.83,20.17,36.43,114,76,57,0,1
167,Documentary,PG,101.69,21.53,12.17,47.65,135,79,61,1,1
168,Comedy,R,7.12,12.96,82.89,13.59,139,68,56,0,6
169,Comedy,R,31.32,5.24,1.33,5.51,126,50,49,0,3
170,Horror,R,47.61,10.88,3.76,84.51,105,63,69,0,7
171,Horror,PG,15.45,15.3,21.34,21.97,137,43,86,0,6
172,Horror,PG-13,3.29,42.06,184.34,42.81,98,62,48,0,8
173,Action,PG,36.56,4.21,32.9,21.71,158,25,44,0,12
174,Horror,PG-13,15.06,8.89,4.23,32.82,112,44,80,1,7
175,Sci-Fi,PG-13,15.12,12.86,5.17,16.88,76,37,53,1,10
176,Documentary,PG,23.23,26.98,215.92,7.75,85,75,75,0,9
177,Drama,R,28.97,4.1,10.94,67.4,116,76,79,0,12
178,Drama,PG-13,32.82,2.51,7.2,13.4,118,88,78,0,4
179,Sci-Fi,R,13.68,27.35,167.43,42.35,164,66,72,1,10
180,Fantasy,PG-13,26.57,1.97,91.33,61.29,89,56,68,0,11
181,Animation,R,5.71,56.94,128.54,13.73,115,49,53,0,6
182,Drama,R,45.2,10.1,7.13,5.44,88,58,88,1,5
183,Action,R,1.9,1.9,3.38,1260.33,102,56,48,1,12
184,Fantasy,R,24.79,6.84,29.17,15.0,157,42,71,0,8
185,Romance,R,83.03,19.2,37.93,84.36,86,73,63,0,6
186,Action,PG-13,11.48,6.43,39.41,607.4,129,56,41,0,10
187,Comedy,PG,67.79,12.48,167.61,108.3,124,87,78,0,5
188,Drama,PG-13,105.19,29.61,2.58,21.1,114,79,87,1,3
189,Animation,R,1.21,9.56,75.01,29.94,127,38,86,0,7
190,Horror,R,28.46,3.96,5.9,9.5,85,71,68,0,7
191,Horror,PG-13,1.87,8.51,74.62,124.28,156,75,71,1,10
192,Documentary,PG-13,29.42,66.54,13.23,77.43,163,81,51,0,6
193,Animation,PG-13,32.88,92.03,8.52,15.31,116,74,77,0,10
194,Comedy,R,2.77,1.08,11.1,6.94,175,75,59,0,5
195,Thriller,PG,226.97,45.12,3.75,4.56,105,58,74,1,7
196,Drama,PG-13,44.08,16.45,25.86,145.44,125,49,77,0,4
197,Documentary,PG-13,14.17,36.92,8.98,39.67,150,81,79,0,6
198,Animation,PG,143.36,6.29,68.18,45.72,103,60,76,0,11
199,Romance,G,5.5,1.46,56.38,9.64,80,86,53,1,4
200,Action,PG-13,9.69,24.57,220.21,3.69,74,87,51,0,10
201,Comedy,R,3.32,3.94,39.5,140.32,166,94,85,0,5
202,Animation,G,200.55,2.3,48.27,35.27,101,58,49,1,1
203,Drama,PG-13,46.17,2.5,151.43,129.13,110,78,76,1,2
204,Action,R,64.03,25.06,10.85,18.56,87,53,56,1,9
205,Animation,R,44.75,14.4,3.54,23.21,138,90,69,0,5
206,Sci-Fi,R,58.78,31.15,31.82,96.54,95,77,82,1,8
207,Documentary,PG-13,35.8,27.19,3.86,99.34,102,60,88,0,9
208,Animation,R,43.42,7.35,595.93,109.55,122,68,84,0,5
209,Sci-Fi,G,36.88,11.19,162.74,21.27,88,77,68,0,6
210,Action,R,18.02,6.59,408.78,83.25,110,21,76,0,6
211,Action,PG-13,31.61,9.47,26.61,174.8,150,29,77,0,12
212,Action,PG,43.54,3.82,50.19,28.3,125,72,92,0,5
213,Thriller,PG-13,36.99,19.46,13.5,15.33,118,56,63,1,3
214,Animation,PG,7.56,44.26,77.31,248.17,120,38,70,0,5
215,Sci-Fi,R,8.63,4.57,5.05,12.41,105,58,80,0,8
216,Horror,PG-13,97.79,56.69,0.9,85.13,164,59,73,0,9
217,Romance,PG-13,24.36,13.96,8.78,30.34,94,65,63,1,12
218,Romance,PG,59.43,16.27,3.7,2.09,120,45,69,0,11
219,Sci-Fi,PG,11.11,1.59,167.55,179.99,117,43,50,0,5
220,Horror,R,7.59,1.39,259.92,0.53,140,90,75,0,6
221,Comedy,R,14.24,14.48,3.96,1.69,142,78,65,1,9
222,Thriller,R,26.51,31.43,131.53,73.04,114,81,42,0,11
223,Sci-Fi,PG-13,17.03,5.44,84.5,73.01,122,78,80,0,5
224,Drama,PG,120.78,90.39,3.19,12.73,123,62,45,0,6
225,Documentary,PG-13,39.63,29.43,14.77,41.34,70,55,54,1,11
226,Documentary,PG-13,210.38,4.1,11.54,0.74,75,51,86,0,5
227,Fantasy,PG,49.62,12.64,64.87,95.63,99,62,72,0,6
228,Romance,R,2.97,238.01,4.97,48.16,100,68,79,0,11
229,Action,PG-13,95.21,2.74,21.57,30.92,85,83,81,1,10
230,Drama,PG,7.32,22.96,10.06,34.17,133,48,86,0,4
231,Comedy,PG-13,41.7,8.27,45.39,69.4,115,26,66,0,5
232,Horror,PG-13,15.26,28.45,18.51,31.71,109,34,72,0,5
233,Comedy,R,282.23,55.74,12.23,1.99,83,39,70,0,11
234,Romance,PG-13,139.71,7.66,18.59,892.92,113,32,86,0,12
235,Action,PG-13,15.77,46.65,346.14,200.58,70,78,65,0,10
236,Horror,PG,29.16,175.12,14.27,4.82,110,74,71,1,6
237,Sci-Fi,R,42.29,13.19,6.34,19.73,116,52,78,0,1
238,Fantasy,R,78.52,31.25,52.38,23.24,121,89,69,1,9
239,Horror,PG-13,34.1,6.0,20.36,167.05,75,46,58,0,6
240,Romance,G,11.88,12.47,3.9,1.3,120,94,63,1,8
241,Comedy,PG-13,16.16,9.86,446.28,15.67,88,64,72,0,8
242,Documentary,PG-13,32.97,31.7,15.51,2.36,94,83,73,0,6
243,Comedy,R,113.8,51.71,15.01,21.59,132,56,79,0,12
244,Comedy,R,50.8,10.68,30.2,16.3,165,56,54,1,1
245,Comedy,R,15.28,76.73,232.56,37.32,116,89,71,1,9
246,Fantasy,PG,63.33,76.41,2.76,13.37,94,43,84,0,6
247,Romance,R,22.49,33.66,35.12,10.73,119,62,80,0,9
248,Drama,PG-13,80.67,6.56,369.98,83.89,138,79,35,0,8
249,Fantasy,R,414.47,5.85,29.0,65.5,130,46,72,0,1
250,Fantasy,PG-13,23.13,4.6,4.92,75.72,183,66,53,0,5
251,Romance,PG-13,73.82,38.05,10.98,25.4,97,43,57,0,3
252,Thriller,PG-13,15.71,2.85,32.1,14.05,121,76,57,0,3
253,Fantasy,PG,29.6,27.45,138.39,27.71,153,77,66,1,9
254,Horror,PG-13,34.11,3.33,15.78,70.23,152,47,92,1,4
255,Thriller,R,27.28,32.73,71.85,1.26,70,54,69,0,6
256,Romance,G,388.78,12.44,3.8,59.81,114,76,66,1,4
257,Animation,PG,24.37,60.36,3.76,52.65,152,59,40,0,7
258,Animation,PG,59.55,47.93,13.1,36.35,187,43,60,1,9
259,Drama,PG-13,4.81,68.18,159.08,26.47,132,77,83,0,5
260,Sci-Fi,R,51.01,70.31,26.83,0.71,105,65,49,1,8
261,Fantasy,PG,103.76,14.47,35.76,17.12,89,60,58,0,10
262,Comedy,PG,19.54,3.03,35.22,485.0,170,71,45,0,2
263,Sci-Fi,R,2.69,3.45,103.75,33.76,133,71,51,0,9
264,Sci-Fi,R,31.86,1.0,11.1,20.89,93,61,64,0,5
265,Thriller,G,33.69,3.32,60.03,33.97,109,74,61,0,3
266,Horror,R,68.31,13.23,8.33,56.38,122,66,87,0,7
267,Animation,PG-13,247.37,6.22,323.19,88.96,128,68,34,1,4
268,Documentary,R,22.65,9.81,8.67,23.49,92,64,83,0,10
269,Horror,PG-13,14.07,22.0,7.79,62.64,99,67,47,0,1
270,Animation,R,10.31,8.46,50.13,409.52,73,61,81,0,2
271,Documentary,G,40.37,3.17,27.21,149.81,140,73,67,0,7
272,Fantasy,PG,53.48,11.43,37.52,1108.15,106,61,61,0,7
273,Action,PG-13,19.19,4.14,32.97,12.36,126,32,54,1,9
274,Romance,PG-13,72.15,8.8,5.94,409.23,150,31,89,0,4
275,Action,R,52.74,61.03,199.81,10.11,120,50,78,0,11
276,Horror,PG-13,34.58,8.81,78.38,56.28,112,40,72,0,12
277,Drama,G,13.43,102.02,143.54,99.36,119,86,79,0,6
278,Horror,PG-13,20.45,67.9,12.34,15.39,116,69,27,0,10
279,Thriller,PG-13,2.92,6.08,42.16,37.79,146,55,89,0,7
280,Documentary,R,41.92,3.21,31.71,129.76,122,87,89,1,2
281,Documentary,PG-13,34.0,11.44,106.31,11.41,101,78,64,0,5
282,Fantasy,PG-13,39.98,48.62,110.87,405.08,141,57,52,0,2
283,Action,R,54.83,6.77,31.53,4.15,145,35,49,0,12
284,Fantasy,R,48.71,36.22,3.41,607.61,81,58,92,1,4
285,Action,PG-13,29.65,51.94,248.03,148.71,153,60,46,1,8
286,Documentary,PG,34.77,4.81,50.54,28.95,124,68,69,0,5
287,Horror,R,8.13,5.41,11.12,18.1,122,77,39,1,8
288,Drama,R,18.47,28.65,41.62,15.48,140,73,87,0,4
289,Documentary,R,34.83,14.62,3.44,27.01,100,94,37,0,10
290,Sci-Fi,R,15.87,5.35,96.73,30.79,138,77,82,1,3
291,Animation,R,78.27,7.98,3.62,217.64,105,69,51,1,11
292,Action,R,17.14,11.19,18.41,634.59,78,62,71,1,11
293,Action,R,41.11,1.86,33.71,44.66,90,83,67,1,8
294,Thriller,PG,37.21,30.53,94.68,9.31,129,71,55,1,2
295,Fantasy,PG-13,69.84,6.86,28.18,14.61,91,54,75,0,4
296,Romance,PG-13,81.52,0.43,56.01,25.16,155,61,68,0,11
297,Romance,PG-13,66.29,11.84,23.65,7.06,144,72,56,0,3
298,Thriller,R,4.03,5.0,23.53,5.65,148,54,71,1,3
299,Documentary,R,109.31,92.44,27.42,769.46,118,55,43,0,7
300,Action,R,152.52,6.03,19.19,52.14,121,68,55,0,5
301,Comedy,R,20.45,3.26,2.74,9.49,85,68,73,1,4
302,Drama,PG-13,41.96,22.41,9.04,112.72,139,71,82,1,7
303,Sci-Fi,R,13.59,5.51,33.72,5.65,124,81,82,0,5
304,Horror,PG-13,4.72,4.78,17.75,6.4,129,61,74,0,3
305,Horror,PG-13,15.82,22.45,20.03,9.93,157,65,84,0,7
306,Romance,PG,19.3,3.5,16.11,396.14,99,72,92,0,6
307,Romance,R,23.22,2.12,7.98,22.66,111,48,56,0,9
308,Thriller,PG-13,12.69,96.66,12.92,0.85,123,41,74,1,2
309,Action,R,15.9,24.42,16.46,203.38,91,63,68,0,8
310,Fantasy,PG-13,32.75,8.87,24.7,20.91,110,57,62,0,6
311,Horror,PG,15.33,12.13,40.91,2.07,127,55,81,0,6
312,Action,PG-13,57.03,22.35,19.4,20.59,106,60,88,0,4
313,Sci-Fi,PG-13,65.47,39.17,6.43,72.35,147,67,71,0,1
314,Drama,R,357.95,4.92,3.98,60.71,77,68,62,1,11
315,Drama,G,102.07,18.9,718.14,491.58,143,52,58,1,5
316,Horror,R,42.23,6.63,5.65,9.22,131,48,71,0,9
317,Comedy,R,17.81,9.71,12.5,35.52,100,37,87,1,12
318,Thriller,R,44.42,14.77,48.04,11.6,91,39,48,0,7
319,Horror,PG-13,45.91,12.09,39.22,3.28,70,54,57,0,6
320,Sci-Fi,R,19.82,29.45,48.29,125.0,95,51,57,0,5
321,Comedy,PG-13,72.51,21.86,13.8,66.35,141,59,83,0,12
322,Animation,G,8.18,1.99,33.45,50.68,113,41,66,0,9
323,Documentary,PG,25.94,2.39,26.57,62.81,144,49,83,0,8
324,Romance,R,57.73,7.82,16.35,11.84,99,44,77,0,6
325,Romance,G,24.84,109.33,33.75,7.33,132,38,70,0,11
326,Comedy,PG-13,26.93,4.38,96.73,35.04,97,70,71,0,9
327,Horror,PG,28.85,9.49,23.83,189.01,90,74,60,0,5
328,Romance,PG-13,14.36,6.4,24.04,369.49,112,39,32,0,7
329,Action,PG,107.11,6.27,98.36,109.2,98,55,61,0,6
330,Romance,R,11.96,15.09,85.61,34.6,76,69,85,0,1
331,Drama,PG-13,45.52,65.43,192.31,49.63,110,84,49,1,10
332,Romance,R,50.08,21.06,2.5,33.7,117,57,73,0,3
333,Animation,PG-13,12.82,4.64,79.57,7.11,146,42,79,0,7
334,Thriller,R,35.63,331.58,53.63,34.36,138,78,59,0,5
335,Comedy,PG-13,13.33,13.39,7.76,4.47,145,41,63,0,5
336,Action,PG-13,133.09,6.09,34.02,27.49,133,60,79,1,6
337,Animation,PG-13,10.6,66.32,96.2,385.35,123,85,66,0,12
338,Drama,PG-13,17.22,6.94,8.35,113.78,84,37,75,0,6
339,Horror,R,9.74,89.61,43.61,8.29,118,58,64,1,3
340,Documentary,PG-13,8.52,4.29,76.15,29.71,129,57,79,0,8
341,Drama,R,162.59,67.76,6.1,9.47,151,92,82,0,4
342,Comedy,R,56.98,15.51,20.39,30.15,132,71,82,1,2
343,Comedy,PG,38.1,57.36,36.28,157.85,146,76,35,1,2
344,Comedy,PG-13,17.17,119.36,8.71,88.19,89,76,42,0,1
345,Animation,PG,82.07,3.13,7.82,1375.01,106,80,77,0,6
346,Comedy,PG-13,14.52,56.31,20.58,198.09,125,59,77,1,6
347,Thriller,PG-13,73.23,2.25,69.56,44.97,144,79,81,0,3
348,Thriller,R,13.84,3.47,56.65,91.44,111,57,77,0,10
349,Thriller,G,17.38,4.65,8.01,24.44,112,38,75,0,3
350,Comedy,PG,70.69,22.3,57.27,6.1,132,91,72,0,11
351,Thriller,PG,78.56,12.67,8.28,234.78,86,82,57,0,7
352,Fantasy,PG-13,60.19,9.97,3.02,150.43,155,85,52,0,1
353,Romance,R,11.59,14.52,15.22,23.07,93,72,73,1,12
354,Romance,R,21.18,24.77,105.62,49.94,70,92,65,0,5
355,Comedy,R,38.74,27.16,57.56,213.02,115,70,55,0,6
356,Sci-Fi,R,14.16,45.29,24.48,117.86,157,92,60,0,5
357,Animation,PG-13,130.45,108.21,14.27,3.69,129,73,66,1,9
358,Documentary,PG,3.0,11.87,14.78,47.72,133,81,93,0,6
359,Animation,PG,15.2,6.52,28.26,25.75,116,62,72,0,3
360,Fantasy,R,19.89,25.44,6.12,175.83,111,78,85,0,2
361,Animation,R,1.93,3.09,15.6,155.49,76,54,72,0,9
362,Fantasy,PG-13,8.2,5.4,18.54,239.35,70,78,66,1,4
363,Fantasy,PG-13,61.89,40.42,4.24,6.19,119,71,68,0,3
364,Animation,PG-13,34.13,10.5,8.25,10.21,147,83,60,0,6
365,Documentary,R,159.67,2.86,41.83,176.11,123,80,64,1,10
366,Fantasy,PG,155.28,2.04,24.84,13.63,130,65,80,0,5
367,Thriller,R,51.06,12.92,16.42,3.38,154,75,66,0,5
368,Action,PG-13,45.3,47.96,7.5,73.62,123,63,79,0,10
369,Action,G,35.37,47.19,190.55,14.57,111,56,75,0,3
370,Horror,R,2.33,13.92,8.25,485.26,94,60,45,0,8
371,Comedy,PG-13,8.21,135.73,34.02,51.64,165,48,74,0,12
372,Drama,R,36.62,10.74,13.01,42.11,128,63,71,0,11
373,Thriller,R,61.32,10.32,25.72,19.03,91,74,82,0,2
374,Thriller,PG-13,44.24,0.56,44.47,360.05,85,40,88,0,5
375,Drama,R,13.57,7.12,4.13,56.7,146,79,73,1,3
376,Comedy,PG-13,84.56,33.87,24.32,17.94,89,55,84,1,12
377,Action,PG-13,145.83,79.58,115.35,10.06,161,71,29,0,12
378,Documentary,R,84.6,4.5,242.25,29.66,70,63,66,1,4
379,Fantasy,PG-13,89.09,21.21,20.72,7.64,150,70,87,0,8
380,Drama,G,18.93,42.79,25.9,154.98,127,26,82,0,11
381,Documentary,R,97.12,12.35,434.73,2.2,117,61,71,0,4
382,Horror,PG-13,38.31,0.79,107.28,26.86,110,70,96,0,3
383,Fantasy,R,55.23,16.39,11.0,82.7,162,75,36,0,1
384,Animation,R,47.72,30.38,10.97,55.32,132,69,43,0,6
385,Thriller,PG-13,29.33,3.91,85.07,11.29,92,76,64,0,11
386,Fantasy,PG-13,14.01,8.98,6.59,89.16,72,27,73,0,11
387,Animation,PG-13,30.5,3.04,100.89,8.77,119,54,62,1,3
388,Action,PG-13,88.83,0.56,37.89,32.02,114,85,75,0,4
389,Animation,R,21.3,41.78,48.09,88.04,77,63,44,0,6
390,Animation,R,80.91,12.13,17.57,66.31,113,54,54,1,10
391,Sci-Fi,PG,69.2,82.86,10.82,12.03,100,64,75,0,8
392,Drama,PG-13,24.56,34.08,164.12,199.59,115,60,79,0,7
393,Fantasy,R,132.79,7.96,17.8,37.71,133,72,59,0,7
394,Drama,PG-13,23.21,11.03,14.38,100.94,152,77,66,1,2
395,Fantasy,R,149.84,24.03,22.11,328.21,137,64,83,1,6
396,Thriller,R,51.12,38.87,31.53,177.02,96,66,47,0,12
397,Romance,PG-13,32.59,17.94,6.42,177.72,124,52,58,0,2
398,Drama,PG-13,13.63,45.91,11.77,44.21,116,63,89,0,7
399,Drama,R,30.32,8.53,10.99,108.95,81,69,90,0,5
400,Thriller,PG-13,27.01,3.68,73.62,45.62,124,42,81,1,7
401,Fantasy,PG-13,9.41,11.27,7.75,5.4,161,60,69,0,7
402,Thriller,R,26.64,15.58,2.5,52.15,115,75,66,0,7
403,Documentary,R,14.82,2.88,1.9,48.64,75,88,88,0,11
404,Animation,PG-13,59.5,2.45,3.63,79.49,115,79,58,0,6
405,Thriller,PG,122.28,20.84,144.03,27.33,84,80,54,1,7
406,Fantasy,PG-13,9.71,7.48,25.05,10.57,136,33,66,1,1
407,Action,PG-13,183.52,9.98,47.07,88.66,128,79,73,0,10
408,Thriller,PG-13,29.12,7.91,49.28,4.62,110,70,73,1,4
409,Comedy,PG-13,12.49,75.54,26.39,295.37,106,54,58,0,10
410,Thriller,PG,70.65,55.37,22.26,23.4,109,65,71,0,5
411,Drama,PG-13,21.19,2.76,95.38,47.86,115,68,65,0,1
412,Documentary,PG-13,30.52,6.43,29.66,76.54,95,55,45,0,3
413,Sci-Fi,PG-13,22.1,33.78,151.23,80.32,80,83,90,0,12
414,Thriller,PG-13,14.63,25.09,54.99,4.0,143,72,65,0,5
415,Romance,PG-13,68.31,11.59,10.99,113.99,105,62,84,0,2
416,Comedy,R,24.87,3.11,12.85,52.18,119,77,81,0,3
417,Action,PG,7.87,5.37,9.53,12.77,122,61,67,0,5
418,Thriller,PG-13,57.46,6.55,119.44,10.76,123,64,75,0,1
419,Animation,R,9.92,16.99,14.49,20.06,85,36,64,0,7
420,Animation,PG-13,10.45,94.11,8.69,4.72,73,79,74,1,4
421,Comedy,R,109.14,5.34,37.18,438.52,100,30,61,0,7
422,Drama,PG,10.01,3.56,21.62,307.73,124,80,62,0,3
423,Horror,PG-13,3.27,10.69,35.98,65.21,96,52,67,0,6
424,Drama,PG-13,61.74,42.02,286.22,23.69,106,62,72,0,7
425,Comedy,G,24.44,2.15,80.4,24.64,168,29,68,0,2
426,Drama,PG-13,26.64,69.71,25.41,103.24,70,52,47,0,6
427,Animation,PG-13,24.18,9.91,3.93,462.54,96,76,81,0,5
428,Documentary,PG-13,41.75,5.05,12.81,14.08,162,53,62,1,4
429,Horror,R,15.6,1.79,61.83,6.19,113,66,66,0,8
430,Animation,PG,144.91,28.44,5.35,337.46,97,68,78,0,7
431,Action,PG-13,7.57,9.92,396.73,2.27,144,76,72,0,8
432,Animation,PG-13,51.67,14.95,25.0,7.3,116,79,78,0,3
433,Drama,PG-13,62.94,4.13,26.14,22.87,106,81,74,0,5
434,Documentary,R,15.49,8.31,10.31,3.19,119,48,64,0,4
435,Horror,PG-13,11.9,6.79,46.79,175.6,98,76,65,0,7
436,Thriller,G,91.58,10.8,5.44,119.74,89,87,68,1,6
437,Horror,R,12.29,5.46,409.26,13.98,112,47,67,0,5
438,Animation,R,18.05,1.93,135.99,225.75,89,55,57,1,10
439,Thriller,PG-13,80.42,321.89,88.2,291.18,115,59,65,0,2
440,Comedy,PG-13,34.29,2.37,4.02,27.95,123,60,75,0,12
441,Fantasy,PG,5.49,15.15,32.04,16.84,136,53,57,0,3
442,Animation,PG,190.01,1.45,118.13,981.82,143,62,84,0,10
443,Romance,PG,19.49,1.11,53.04,97.68,104,60,88,0,5
444,Animation,PG-13,22.14,13.7,6.67,48.64,127,44,56,1,11
445,Comedy,R,42.77,15.02,10.54,256.04,127,75,68,0,2
446,Horror,PG-13,61.87,55.36,13.63,52.09,123,40,65,1,5
447,Action,PG,235.36,19.68,11.2,15.51,103,64,68,1,5
448,Thriller,PG-13,6.3,10.18,179.0,37.35,89,52,63,0,12
449,Romance,PG-13,75.64,3.9,2.02,157.27,127,65,81,0,12
450,Fantasy,PG-13,69.62,73.61,57.55,1.67,72,56,83,0,3
451,Comedy,PG-13,28.87,37.14,4.57,21.5,108,64,78,1,8
452,Fantasy,PG-13,72.77,2.73,7.03,263.64,70,74,51,1,7
453,Sci-Fi,PG-13,84.29,12.75,1.8,15.37,81,65,83,0,3
454,Romance,PG,8.31,14.48,12.02,336.69,93,47,63,0,3
455,Romance,PG,190.52,8.05,174.85,276.47,142,38,89,0,12
456,Sci-Fi,G,6.97,30.76,34.61,30.02,132,55,59,1,6
457,Romance,PG-13,10.64,33.05,5.17,14.11,101,83,65,1,3
458,Animation,PG,25.49,9.69,92.05,21.52,133,57,81,0,4
459,Sci-Fi,PG-13,227.0,8.7,121.59,1802.49,137,38,50,0,5
460,Horror,R,24.33,73.61,28.09,550.95,110,66,74,0,7
461,Sci-Fi,R,32.07,37.32,345.56,39.97,80,68,81,0,5
462,Horror,PG-13,138.67,13.29,71.38,13.3,109,74,57,1,6
463,Action,R,24.52,1.72,59.59,39.47,112,72,60,0,3
464,Drama,PG-13,10.19,18.41,8.63,47.74,84,34,86,0,5
465,Romance,R,21.82,28.15,55.46,5.13,124,58,63,0,2
466,Thriller,PG-13,130.42,0.45,32.52,37.34,121,32,52,0,11
467,Thriller,PG-13,35.55,16.48,48.22,240.71,126,60,62,0,4
468,Drama,PG-13,228.3,7.39,10.07,2.23,121,60,55,1,9
469,Documentary,PG,69.26,9.35,28.98,114.42,133,65,76,0,5
470,Animation,R,17.38,4.1,8.48,260.39,110,65,56,0,6
471,Romance,PG,34.85,10.2,1.5,14.28,120,74,82,0,5
472,Romance,PG-13,14.11,64.74,89.82,420.42,105,83,74,0,9
473,Drama,PG-13,16.97,7.13,3.48,11.76,100,71,88,0,11
474,Horror,PG,2919.26,38.81,28.2,64.18,148,66,49,0,5
475,Animation,PG,91.71,4.63,37.82,20.9,70,64,60,0,4
476,Comedy,G,78.34,30.28,37.51,20.89,136,69,75,0,9
477,Thriller,PG-13,17.76,12.21,16.98,13.12,99,61,47,1,4
478,Comedy,R,159.11,18.59,34.9,94.43,96,72,89,0,8
479,Sci-Fi,PG-13,99.43,12.29,45.25,118.3,121,58,58,0,2
480,Horror,PG,217.37,26.31,63.78,30.07,77,80,61,0,8
481,Documentary,PG-13,207.08,0.56,233.57,4.31,94,55,65,1,7
482,Comedy,R,7.55,2.22,33.26,60.63,93,58,55,0,3
483,Thriller,PG,10.92,20.1,26.66,62.37,109,61,83,0,8
484,Thriller,PG-13,12.14,1.05,7.55,23.93,94,43,77,0,6
485,Thriller,R,12.88,6.44,43.24,545.03,155,38,59,0,4
486,Action,PG,45.76,11.41,58.42,3.17,159,38,67,1,5
487,Romance,PG-13,18.79,4.51,19.11,1.19,70,69,75,1,6
488,Comedy,PG,263.12,5.31,49.8,11.06,128,38,77,0,2
489,Sci-Fi,R,222.45,16.88,16.77,96.12,136,77,64,1,12
490,Comedy,R,32.9,40.9,58.69,6.8,128,64,38,0,8
491,Sci-Fi,R,234.0,3.86,80.35,7.6,98,67,65,0,2
492,Thriller,PG-13,146.66,6.11,78.9,137.9,108,71,88,1,10
493,Animation,PG-13,21.1,5.07,28.59,66.28,96,68,69,0,5
494,Sci-Fi,PG,4.44,0.67,6.35,58.3,104,74,63,0,7
495,Horror,R,26.63,14.44,11.07,106.93,84,68,63,1,5
496,Romance,R,17.38,37.4,53.18,17.5,112,74,62,0,9
497,Romance,PG-13,40.71,41.26,591.97,18.76,77,33,73,0,9
498,Action,PG-13,36.21,4.28,15.75,111.57,109,78,76,0,7
499,Fantasy,PG,35.27,2.71,44.37,4.4,83,41,43,1,4
500,Comedy,PG-13,55.91,12.5,11.91,1.33,120,67,57,1,4
