track_id,genre,streams_millions,duration_seconds,bpm,danceability,energy,valence,acousticness,explicit,release_year,playlist_count
1,Jazz,1.49,174,163,0.621,0.477,0.249,0.305,1,2015,138
2,Jazz,30.37,193,153,0.709,0.617,0.482,0.357,0,2020,302
3,Rock,3.78,201,98,0.68,0.804,0.398,0.3,0,2016,107
4,Indie,24.57,143,126,0.623,0.876,0.273,0.305,1,2016,473
5,Jazz,78.2,170,60,0.616,0.497,0.539,0.099,1,2023,82
6,Indie,3.05,204,78,0.672,0.772,0.834,0.391,0,2024,1169
7,Country,11.01,202,144,0.773,0.882,0.35,0.328,0,2016,312
8,Indie,102.71,167,169,0.583,0.74,0.525,0.069,0,2023,118
9,Hip-Hop,0.86,152,144,0.658,0.572,0.652,0.225,1,2022,524
10,Hip-Hop,13.56,171,121,0.366,0.742,0.643,0.036,1,2021,310
11,R&B,20.89,223,89,0.78,0.792,0.63,0.155,0,2022,513
12,Indie,7.62,180,139,0.544,0.727,0.673,0.187,1,2023,168
13,Hip-Hop,211.86,249,62,0.58,0.646,0.534,0.631,1,2024,103
14,R&B,15.43,262,135,0.507,0.363,0.41,0.222,0,2023,181
15,Indie,55.55,288,92,0.319,0.684,0.221,0.027,0,2017,70
16,Rock,25.8,238,142,0.44,0.613,0.382,0.203,1,2024,644
17,Indie,69.53,229,144,0.518,0.843,0.542,0.254,0,2015,1344
18,Hip-Hop,9.62,271,103,0.802,0.668,0.492,0.45,1,2022,353
19,Pop,1.04,155,148,0.669,0.492,0.509,0.138,0,2024,1245
20,EDM,16.77,238,67,0.615,0.894,0.228,0.292,0,2018,804
21,Indie,0.59,252,115,0.688,0.501,0.505,0.036,0,2019,99
22,K-Pop,4.48,209,143,0.732,0.684,0.501,0.679,0,2020,519
23,Jazz,3.67,247,138,0.874,0.614,0.394,0.488,1,2020,21
24,Indie,4.13,194,103,0.543,0.551,0.702,0.59,1,2021,196
25,Hip-Hop,49.22,211,146,0.348,0.776,0.438,0.382,1,2024,25
26,Pop,7.11,226,147,0.648,0.585,0.423,0.092,0,2017,125
27,Latin,161.36,225,84,0.766,0.416,0.48,0.208,1,2016,17
28,Latin,6.71,147,116,0.49,0.495,0.384,0.34,1,2023,766
29,Rock,0.3,186,125,0.53,0.466,0.856,0.092,1,2016,82
30,EDM,3.04,211,125,0.507,0.683,0.377,0.354,1,2023,577
31,Latin,26.47,227,144,0.674,0.72,0.352,0.221,0,2024,132
32,K-Pop,0.98,240,107,0.463,0.641,0.575,0.245,0,2018,9
33,Pop,4.33,211,169,0.641,0.463,0.451,0.22,1,2015,71
34,Rock,25.14,259,108,0.644,0.7,0.504,0.468,1,2017,66
35,Country,4.6,196,85,0.579,0.265,0.496,0.487,1,2024,145
36,Rock,3.21,248,113,0.261,0.689,0.284,0.144,0,2016,1425
37,Indie,48.49,203,127,0.472,0.649,0.577,0.534,0,2018,1826
38,Jazz,5.26,168,84,0.522,0.698,0.35,0.121,1,2016,104
39,EDM,1.55,327,110,0.749,0.422,0.575,0.216,0,2024,22
40,Hip-Hop,25.8,232,82,0.613,0.601,0.776,0.082,0,2020,48
41,Pop,40.66,127,141,0.551,0.612,0.473,0.216,0,2024,304
42,Jazz,9.69,250,114,0.525,0.428,0.86,0.06,0,2015,126
43,Country,3.1,217,60,0.461,0.431,0.646,0.139,0,2019,13
44,K-Pop,1.95,249,151,0.742,0.731,0.772,0.345,0,2023,69
45,Jazz,3.22,234,84,0.621,0.416,0.59,0.486,0,2015,1061
46,K-Pop,1.12,175,200,0.715,0.58,0.694,0.124,0,2018,230
47,Pop,3.53,251,99,0.837,0.724,0.403,0.083,1,2016,159
48,Rock,16.84,180,102,0.416,0.446,0.471,0.508,0,2016,82
49,EDM,22.31,173,124,0.665,0.225,0.368,0.257,0,2019,74
50,Country,7.7,194,60,0.484,0.933,0.502,0.215,1,2016,335
51,R&B,13.11,163,133,0.702,0.585,0.278,0.572,1,2019,183
52,Hip-Hop,5.19,232,141,0.479,0.553,0.438,0.213,0,2015,471
53,R&B,2.47,303,147,0.621,0.822,0.255,0.421,0,2019,336
54,Country,4.42,160,128,0.917,0.886,0.303,0.182,0,2017,152
55,Hip-Hop,39.9,271,122,0.684,0.954,0.68,0.222,1,2016,264
56,Jazz,0.24,183,74,0.783,0.761,0.646,0.308,0,2018,61
57,Pop,1.32,183,134,0.636,0.643,0.429,0.657,0,2015,138
58,Latin,3.63,158,118,0.566,0.609,0.801,0.067,0,2017,1109
59,Latin,1.4,225,107,0.662,0.604,0.303,0.246,0,2015,150
60,Indie,14.26,150,89,0.476,0.424,0.625,0.156,1,2022,107
61,Jazz,0.74,188,134,0.65,0.746,0.398,0.118,0,2019,203
62,EDM,44.93,259,110,0.56,0.714,0.305,0.29,0,2015,25
63,Pop,138.99,280,63,0.708,0.235,0.573,0.485,1,2016,206
64,Indie,10.73,167,113,0.532,0.74,0.605,0.246,0,2023,1889
65,Hip-Hop,2.92,196,96,0.675,0.806,0.493,0.553,0,2021,44
66,Rock,29.67,203,146,0.856,0.674,0.61,0.46,0,2017,221
67,Indie,4.83,143,115,0.66,0.772,0.439,0.419,0,2015,143
68,R&B,2.05,184,112,0.709,0.512,0.589,0.232,1,2016,137
69,Country,8.0,181,129,0.207,0.594,0.434,0.043,0,2021,134
70,K-Pop,0.69,231,170,0.419,0.911,0.644,0.551,0,2022,433
71,Latin,2.44,221,132,0.842,0.631,0.486,0.208,0,2019,28
72,Jazz,2.34,215,96,0.533,0.736,0.493,0.155,1,2018,416
73,Latin,6.41,200,73,0.771,0.558,0.525,0.209,0,2024,164
74,Pop,0.68,269,159,0.806,0.227,0.387,0.474,0,2018,10
75,Pop,1.84,209,60,0.75,0.578,0.375,0.525,0,2019,262
76,Indie,3.42,254,119,0.5,0.649,0.527,0.149,1,2021,176
77,Jazz,15.05,236,190,0.527,0.776,0.324,0.137,1,2021,40
78,Pop,7.42,216,66,0.481,0.653,0.685,0.204,0,2018,188
79,Jazz,85.82,250,86,0.76,0.94,0.697,0.356,1,2015,20
80,Hip-Hop,1.9,196,125,0.717,0.72,0.384,0.213,0,2019,53
81,R&B,27.8,169,95,0.66,0.833,0.465,0.098,0,2021,156
82,K-Pop,27.76,208,116,0.363,0.522,0.533,0.32,0,2018,11
83,Latin,9.69,277,132,0.443,0.717,0.592,0.306,1,2021,26
84,Latin,9.14,219,137,0.61,0.488,0.559,0.099,0,2022,33
85,Jazz,10.98,187,153,0.607,0.869,0.489,0.529,0,2016,167
86,Latin,1.81,173,72,0.578,0.94,0.415,0.268,0,2016,287
87,Country,31.21,141,157,0.564,0.768,0.432,0.121,0,2019,38
88,Pop,8.27,173,160,0.638,0.746,0.276,0.156,1,2017,35
89,Country,1.22,223,145,0.241,0.773,0.249,0.719,1,2018,182
90,Indie,44.11,199,86,0.636,0.728,0.364,0.239,0,2015,175
91,Latin,6.28,219,84,0.696,0.613,0.571,0.437,1,2018,51
92,Latin,8.0,168,128,0.793,0.512,0.41,0.065,0,2018,2305
93,Hip-Hop,0.17,256,139,0.587,0.798,0.549,0.374,1,2018,195
94,Pop,6.53,243,155,0.406,0.671,0.501,0.295,0,2017,114
95,R&B,49.59,184,105,0.902,0.649,0.118,0.008,0,2016,83
96,Indie,2.88,146,138,0.713,0.718,0.759,0.478,0,2018,674
97,Pop,1.07,221,137,0.352,0.415,0.739,0.571,0,2022,336
98,Hip-Hop,14.64,121,100,0.581,0.551,0.245,0.292,1,2017,10
99,Latin,0.54,150,106,0.58,0.741,0.334,0.396,1,2020,52
100,Country,18.2,191,72,0.77,0.928,0.307,0.498,1,2016,75
101,EDM,5.44,170,88,0.703,0.419,0.466,0.363,1,2015,145
102,Indie,8.35,268,101,0.524,0.378,0.519,0.596,0,2021,380
103,K-Pop,256.46,195,135,0.516,0.505,0.693,0.241,0,2020,29
104,Indie,10.76,231,187,0.738,0.769,0.824,0.144,1,2024,131
105,Pop,0.99,112,134,0.752,0.77,0.527,0.323,0,2018,1898
106,R&B,8.78,129,82,0.746,0.65,0.421,0.078,0,2021,155
107,Country,22.52,179,105,0.664,0.603,0.625,0.233,1,2020,52
108,K-Pop,0.36,219,151,0.662,0.729,0.789,0.423,0,2016,20
109,EDM,7.25,152,95,0.654,0.509,0.408,0.228,0,2018,71
110,EDM,0.55,226,164,0.431,0.562,0.549,0.1,0,2023,29
111,Rock,7.67,270,140,0.665,0.653,0.627,0.459,0,2022,82
112,Hip-Hop,74.95,174,112,0.739,0.456,0.504,0.678,0,2020,334
113,Hip-Hop,3.85,209,62,0.667,0.74,0.337,0.028,0,2015,156
114,Latin,8.32,197,150,0.88,0.686,0.635,0.288,0,2021,72
115,Country,11.24,190,139,0.631,0.529,0.342,0.177,0,2015,10
116,Jazz,12.35,224,134,0.348,0.66,0.309,0.395,1,2022,516
117,Pop,9.23,210,200,0.667,0.526,0.6,0.248,1,2017,87
118,Country,0.36,201,91,0.578,0.88,0.234,0.441,1,2023,174
119,Pop,9.75,216,165,0.623,0.628,0.491,0.755,0,2019,37
120,K-Pop,2.85,248,114,0.458,0.801,0.501,0.177,0,2020,80
121,Indie,1.33,237,127,0.84,0.796,0.469,0.186,1,2018,62
122,R&B,9.96,131,129,0.61,0.653,0.639,0.212,0,2020,20
123,Pop,9.1,170,145,0.612,0.695,0.772,0.126,0,2023,38
124,Indie,0.52,236,98,0.388,0.364,0.653,0.246,1,2021,145
125,Country,4.06,326,191,0.624,0.613,0.754,0.459,1,2016,232
126,Pop,55.29,180,86,0.539,0.64,0.349,0.339,1,2020,53
127,Hip-Hop,1.12,142,109,0.52,0.633,0.54,0.237,1,2023,24
128,Country,9.5,312,175,0.851,0.838,0.195,0.1,1,2022,86
129,K-Pop,1.21,267,155,0.758,0.816,0.559,0.216,0,2015,477
130,Jazz,86.54,264,109,0.694,0.708,0.488,0.472,0,2019,36
131,Indie,21.05,214,140,0.72,0.832,0.24,0.183,1,2020,151
132,Jazz,2.13,207,87,0.769,0.802,0.602,0.242,0,2023,55
133,Indie,10.18,203,95,0.49,0.585,0.643,0.314,0,2018,806
134,K-Pop,0.95,244,109,0.636,0.613,0.468,0.135,0,2015,69
135,Hip-Hop,0.49,266,162,0.578,0.641,0.305,0.395,1,2020,400
136,Latin,6.41,217,60,0.482,0.536,0.327,0.11,1,2023,680
137,Jazz,2.37,244,146,0.491,0.734,0.61,0.192,0,2020,1498
138,Country,9.95,272,108,0.683,0.531,0.765,0.67,1,2021,19
139,Rock,0.6,252,138,0.569,0.683,0.841,0.091,0,2024,18
140,Jazz,3.21,236,137,0.524,0.37,0.288,0.306,1,2018,852
141,Indie,73.4,177,119,0.907,0.571,0.288,0.227,1,2016,666
142,Hip-Hop,63.19,180,97,0.682,0.545,0.339,0.088,1,2017,58
143,R&B,90.87,132,99,0.587,0.391,0.572,0.298,0,2015,1
144,Country,219.1,227,110,0.634,0.891,0.701,0.33,0,2016,167
145,Country,4.03,215,71,0.435,0.568,0.504,0.27,0,2021,15
146,R&B,0.11,267,122,0.485,0.646,0.583,0.235,0,2023,42
147,Rock,38.7,230,98,0.511,0.602,0.538,0.263,1,2023,194
148,Rock,1.38,195,106,0.654,0.495,0.631,0.577,1,2023,238
149,Country,162.29,188,113,0.669,0.264,0.452,0.18,1,2015,1590
150,Jazz,8.37,225,142,0.422,0.644,0.645,0.566,0,2021,84
151,EDM,85.93,221,157,0.569,0.525,0.56,0.23,0,2021,34
152,Pop,5.86,292,161,0.721,0.651,0.352,0.167,0,2023,587
153,R&B,2.67,205,132,0.681,0.707,0.778,0.057,0,2023,261
154,Jazz,22.0,231,108,0.722,0.351,0.719,0.136,0,2015,86
155,Jazz,15.39,283,80,0.744,0.823,0.827,0.288,0,2024,155
156,EDM,1.33,203,193,0.358,0.655,0.367,0.425,0,2019,84
157,Hip-Hop,7.02,195,173,0.329,0.723,0.511,0.442,0,2016,419
158,Jazz,3.12,149,146,0.736,0.48,0.648,0.162,1,2020,1866
159,Country,10.04,193,139,0.565,0.711,0.3,0.486,1,2016,49
160,K-Pop,7.01,227,109,0.589,0.649,0.835,0.804,0,2020,279
161,Rock,9.07,271,123,0.463,0.726,0.422,0.512,0,2021,14
162,Rock,7.56,148,147,0.559,0.555,0.755,0.117,0,2020,29
163,K-Pop,4.35,169,63,0.651,0.43,0.227,0.231,1,2015,345
164,Rock,12.67,125,101,0.67,0.568,0.539,0.087,0,2018,133
165,R&B,2.37,291,120,0.637,0.353,0.755,0.261,1,2017,28
166,K-Pop,87.59,217,62,0.814,0.529,0.169,0.459,0,2019,150
167,R&B,7.21,190,75,0.688,0.556,0.57,0.435,1,2021,554
168,Country,26.14,129,100,0.79,0.637,0.472,0.375,1,2017,16
169,Hip-Hop,3.31,209,122,0.538,0.269,0.654,0.039,0,2015,2038
170,Indie,3.91,191,165,0.734,0.63,0.61,0.516,1,2023,350
171,K-Pop,29.47,129,106,0.503,0.399,0.652,0.314,1,2020,361
172,Jazz,23.1,197,176,0.655,0.711,0.375,0.15,1,2020,148
173,R&B,6.15,265,98,0.422,0.781,0.458,0.24,0,2018,2039
174,Rock,0.51,198,116,0.606,0.707,0.512,0.437,0,2015,628
175,R&B,3.37,262,75,0.818,0.582,0.262,0.137,1,2023,85
176,Latin,6.47,280,106,0.563,0.569,0.262,0.309,0,2024,462
177,Pop,2.65,197,62,0.855,0.81,0.566,0.231,1,2021,49
178,Hip-Hop,1.1,205,200,0.708,0.831,0.657,0.223,0,2024,97
179,Jazz,26.6,232,88,0.826,0.955,0.41,0.21,0,2021,1339
180,Country,5.64,256,130,0.259,0.404,0.58,0.229,0,2021,265
181,K-Pop,111.42,274,105,0.477,0.723,0.526,0.439,0,2021,400
182,EDM,5.75,278,112,0.398,0.624,0.415,0.278,1,2022,857
183,Rock,9.64,176,117,0.674,0.477,0.465,0.461,0,2022,337
184,Rock,3.06,275,148,0.309,0.615,0.432,0.228,0,2017,43
185,Latin,71.28,233,135,0.42,0.81,0.74,0.338,0,2022,1793
186,Rock,4.69,186,127,0.851,0.655,0.457,0.537,1,2018,321
187,Jazz,5.45,158,137,0.393,0.603,0.542,0.244,1,2021,357
188,Rock,1.77,174,131,0.687,0.741,0.578,0.73,0,2019,161
189,Jazz,13.06,226,81,0.409,0.391,0.288,0.48,0,2018,785
190,Latin,4.51,187,112,0.485,0.62,0.393,0.729,1,2018,2623
191,K-Pop,1.73,226,140,0.86,0.547,0.589,0.605,0,2020,84
192,K-Pop,6.87,159,102,0.455,0.684,0.623,0.119,0,2016,733
193,Rock,21.91,176,130,0.414,0.679,0.584,0.374,1,2019,156
194,Indie,87.55,205,153,0.643,0.723,0.275,0.333,0,2022,7
195,Pop,10.52,202,99,0.43,0.376,0.706,0.183,0,2016,18
196,Indie,3.24,152,150,0.748,0.791,0.76,0.131,0,2019,280
197,Hip-Hop,14.66,181,116,0.565,0.479,0.665,0.259,1,2021,675
198,R&B,5.99,131,122,0.322,0.376,0.485,0.496,0,2019,370
199,Latin,8.04,212,145,0.491,0.409,0.385,0.127,0,2024,470
200,EDM,7.37,278,137,0.511,0.823,0.394,0.277,0,2023,7218
201,K-Pop,14.76,175,60,0.355,0.601,0.719,0.226,1,2023,327
202,Indie,18.04,167,64,0.519,0.671,0.523,0.264,0,2022,99
203,Hip-Hop,6.86,254,135,0.68,0.357,0.629,0.21,0,2023,122
204,R&B,1446.57,157,115,0.596,0.828,0.165,0.059,0,2016,1724
205,Pop,29.31,255,71,0.475,0.774,0.42,0.062,0,2017,22
206,Latin,0.33,155,100,0.844,0.569,0.456,0.739,0,2018,950
207,R&B,4.39,194,69,0.646,0.378,0.563,0.28,1,2019,152
208,Indie,7.18,199,116,0.351,0.668,0.273,0.169,0,2024,42
209,Hip-Hop,18.43,241,157,0.495,0.568,0.786,0.611,1,2016,16
210,Indie,115.71,294,98,0.428,0.865,0.215,0.259,0,2024,1367
211,Hip-Hop,2.51,194,127,0.576,0.654,0.282,0.148,0,2018,41
212,Indie,41.53,209,116,0.642,0.515,0.231,0.256,0,2018,162
213,Pop,10.03,133,168,0.628,0.776,0.409,0.33,0,2019,34
214,Hip-Hop,12.11,208,158,0.491,0.763,0.719,0.196,0,2020,2832
215,Country,44.32,261,72,0.477,0.57,0.35,0.245,0,2015,171
216,Pop,0.61,316,114,0.624,0.43,0.368,0.176,0,2020,19
217,Country,16.48,193,93,0.613,0.537,0.659,0.319,0,2023,78
218,Country,88.12,242,101,0.694,0.626,0.373,0.092,1,2017,1199
219,Latin,1.51,262,143,0.625,0.784,0.549,0.148,0,2016,34
220,Hip-Hop,7.41,145,125,0.429,0.758,0.406,0.293,1,2022,86
221,Hip-Hop,20.44,273,143,0.658,0.378,0.448,0.599,1,2016,880
222,EDM,0.39,173,60,0.442,0.805,0.684,0.244,0,2022,248
223,Jazz,12.23,221,147,0.606,0.709,0.38,0.414,1,2024,23
224,Rock,5.0,153,132,0.557,0.48,0.542,0.289,0,2018,207
225,Indie,60.5,193,168,0.531,0.704,0.766,0.243,1,2023,118
226,Rock,2.44,134,101,0.453,0.708,0.673,0.049,1,2018,160
227,Jazz,6.94,221,152,0.8,0.848,0.781,0.588,1,2015,613
228,R&B,2.21,279,128,0.863,0.62,0.585,0.705,0,2022,212
229,Latin,6.18,211,123,0.558,0.725,0.437,0.131,0,2015,129
230,Pop,2.52,145,105,0.582,0.247,0.588,0.253,1,2019,119
231,Pop,4.14,194,117,0.621,0.723,0.696,0.59,0,2021,746
232,K-Pop,1.32,219,90,0.748,0.493,0.293,0.092,1,2017,50
233,EDM,2.6,203,108,0.754,0.449,0.099,0.289,1,2020,5
234,Country,2.4,240,102,0.531,0.699,0.351,0.14,1,2015,105
235,Hip-Hop,3.71,300,111,0.424,0.435,0.398,0.329,0,2020,261
236,Hip-Hop,6.2,207,114,0.801,0.622,0.347,0.192,0,2019,79
237,Latin,0.09,204,115,0.243,0.763,0.685,0.164,0,2016,67
238,EDM,9.16,177,119,0.864,0.542,0.529,0.323,1,2018,85
239,Indie,47.4,256,119,0.624,0.621,0.746,0.417,0,2021,143
240,Rock,22.89,295,123,0.692,0.602,0.631,0.58,0,2020,21
241,Rock,2.01,201,119,0.5,0.367,0.082,0.057,0,2024,400
242,Country,34.26,221,111,0.733,0.68,0.567,0.267,0,2020,2
243,Jazz,2.2,217,132,0.523,0.595,0.51,0.251,0,2023,333
244,R&B,11.47,175,156,0.651,0.387,0.429,0.131,1,2016,237
245,Indie,0.2,242,109,0.632,0.652,0.35,0.238,0,2015,312
246,EDM,18.44,208,103,0.362,0.546,0.51,0.085,0,2016,8
247,Indie,7.44,220,131,0.5,0.618,0.863,0.325,0,2017,230
248,Latin,9.1,253,123,0.569,0.593,0.638,0.314,1,2023,65
249,Hip-Hop,7.58,195,90,0.587,0.852,0.712,0.551,1,2024,1641
250,K-Pop,121.79,214,97,0.663,0.764,0.426,0.142,0,2023,255
251,EDM,27.4,177,102,0.46,0.688,0.482,0.3,0,2019,25
252,EDM,21.63,160,88,0.716,0.597,0.593,0.173,1,2021,11
253,Hip-Hop,17.0,215,133,0.79,0.592,0.605,0.578,0,2017,59
254,K-Pop,149.71,219,142,0.516,0.435,0.673,0.351,0,2024,501
255,Pop,5.06,251,95,0.468,0.777,0.191,0.355,0,2016,836
256,EDM,0.92,175,79,0.758,0.787,0.544,0.462,0,2020,194
257,Indie,97.07,162,125,0.687,0.564,0.463,0.445,0,2020,167
258,Hip-Hop,3.62,289,120,0.715,0.662,0.645,0.115,1,2019,90
259,Rock,15.54,215,189,0.868,0.746,0.546,0.076,0,2015,143
260,Jazz,16.15,148,140,0.721,0.662,0.367,0.198,0,2024,919
261,Jazz,2.46,207,86,0.481,0.511,0.859,0.607,0,2016,88
262,Latin,0.89,180,91,0.711,0.521,0.221,0.237,0,2021,398
263,Pop,36.56,226,129,0.743,0.713,0.515,0.29,0,2024,67
264,Country,49.53,191,118,0.722,0.41,0.626,0.159,0,2016,678
265,EDM,19.11,265,116,0.452,0.691,0.425,0.402,1,2019,353
266,Jazz,13.51,151,122,0.57,0.876,0.608,0.149,1,2024,637
267,Latin,0.91,267,143,0.413,0.83,0.525,0.446,0,2018,2497
268,Jazz,4.49,243,175,0.565,0.659,0.316,0.251,0,2024,3
269,Jazz,45.63,224,159,0.562,0.73,0.532,0.067,0,2015,459
270,Latin,2.29,256,89,0.767,0.371,0.422,0.388,0,2019,299
271,Rock,9.02,264,103,0.81,0.723,0.689,0.454,0,2015,290
272,Latin,14.76,210,60,0.503,0.658,0.851,0.302,1,2017,212
273,Pop,15.99,283,126,0.634,0.597,0.609,0.489,0,2023,212
274,R&B,1.59,237,104,0.454,0.884,0.32,0.262,1,2021,245
275,Latin,6.19,185,119,0.349,0.303,0.448,0.272,1,2016,577
276,Latin,26.28,149,95,0.55,0.721,0.402,0.43,0,2019,512
277,R&B,120.13,258,94,0.595,0.671,0.601,0.551,1,2018,142
278,Pop,5.35,209,73,0.503,0.921,0.842,0.104,0,2021,112
279,Indie,13.69,129,110,0.578,0.515,0.652,0.08,0,2018,152
280,R&B,1.3,225,137,0.459,0.908,0.472,0.168,0,2023,79
281,Hip-Hop,5.13,198,99,0.601,0.556,0.469,0.095,0,2017,2143
282,R&B,3.49,179,139,0.589,0.819,0.117,0.037,1,2020,22
283,Indie,135.22,255,99,0.446,0.534,0.652,0.608,1,2019,457
284,Indie,22.19,174,120,0.482,0.451,0.337,0.189,1,2024,452
285,Country,8.5,189,160,0.559,0.568,0.565,0.489,0,2022,66
286,Hip-Hop,0.43,200,105,0.604,0.644,0.205,0.111,1,2015,231
287,Latin,11.74,255,126,0.608,0.544,0.787,0.251,1,2024,986
288,Rock,11.91,157,127,0.636,0.407,0.492,0.102,1,2016,90
289,EDM,5.26,181,128,0.676,0.808,0.695,0.227,0,2021,1061
290,K-Pop,7.93,229,135,0.632,0.605,0.512,0.376,1,2015,794
291,Country,110.19,232,127,0.483,0.614,0.707,0.135,0,2019,51
292,K-Pop,30.67,159,89,0.598,0.29,0.504,0.26,0,2022,28
293,R&B,1.96,192,107,0.637,0.648,0.518,0.452,1,2024,190
294,K-Pop,138.18,204,137,0.433,0.77,0.758,0.488,0,2019,23
295,Pop,2.24,222,141,0.806,0.665,0.449,0.255,0,2019,1
296,R&B,83.43,200,97,0.706,0.514,0.343,0.14,0,2023,71
297,Pop,2.49,279,149,0.612,0.459,0.164,0.056,0,2019,3871
298,K-Pop,5.89,205,105,0.618,0.748,0.305,0.165,0,2015,75
299,Indie,0.31,277,129,0.922,0.721,0.327,0.026,0,2017,262
300,Indie,16.3,189,125,0.706,0.578,0.447,0.399,0,2019,424
301,Latin,0.39,137,92,0.533,0.754,0.319,0.579,0,2022,139
302,K-Pop,10.08,322,111,0.566,0.661,0.763,0.34,0,2024,89
303,Rock,3.85,206,60,0.306,0.406,0.418,0.219,0,2016,937
304,Latin,3.92,226,108,0.448,0.237,0.259,0.24,0,2018,157
305,EDM,13.34,144,157,0.638,0.833,0.366,0.277,1,2018,129
306,Country,25.26,221,62,0.461,0.791,0.545,0.127,1,2017,490
307,K-Pop,52.62,246,93,0.804,0.625,0.825,0.258,0,2020,31
308,R&B,1.28,158,106,0.487,0.688,0.375,0.185,0,2024,22
309,Rock,4.63,203,60,0.77,0.656,0.724,0.062,1,2016,12
310,Rock,6.88,207,60,0.428,0.228,0.77,0.374,0,2017,347
311,Hip-Hop,18.25,152,181,0.567,0.574,0.241,0.141,1,2016,116
312,Pop,17.7,283,137,0.644,0.825,0.864,0.4,0,2024,512
313,Rock,2.08,90,149,0.609,0.931,0.438,0.132,0,2022,160
314,Indie,44.83,113,130,0.664,0.625,0.309,0.02,0,2016,18
315,EDM,13.67,214,137,0.692,0.472,0.361,0.315,0,2019,87
316,Hip-Hop,108.14,165,110,0.728,0.524,0.628,0.147,0,2018,569
317,Indie,11.89,240,151,0.518,0.472,0.296,0.431,0,2015,100
318,Country,0.37,194,163,0.556,0.458,0.609,0.341,1,2021,880
319,R&B,2.15,227,99,0.673,0.825,0.6,0.113,0,2020,75
320,Pop,5.8,148,112,0.841,0.671,0.518,0.124,1,2024,436
321,Pop,2.08,192,102,0.573,0.462,0.348,0.249,0,2015,10
322,R&B,1.97,190,117,0.275,0.668,0.475,0.532,1,2023,105
323,K-Pop,128.58,315,142,0.55,0.773,0.365,0.081,1,2018,83
324,Jazz,1.13,189,114,0.831,0.492,0.398,0.043,0,2015,18
325,Jazz,3.34,106,67,0.88,0.37,0.708,0.141,0,2022,786
326,EDM,8.16,259,149,0.539,0.732,0.821,0.269,0,2015,56
327,Pop,1.03,199,97,0.423,0.792,0.383,0.204,0,2016,48
328,Indie,5.79,222,132,0.602,0.547,0.567,0.088,1,2019,1045
329,K-Pop,0.21,194,135,0.702,0.643,0.307,0.193,1,2015,189
330,Hip-Hop,3.23,152,107,0.516,0.699,0.099,0.379,1,2015,478
331,EDM,1.38,268,92,0.571,0.543,0.244,0.058,0,2020,11
332,Latin,4.66,165,105,0.513,0.708,0.664,0.284,0,2015,44
333,Pop,6.8,143,167,0.705,0.829,0.56,0.104,0,2019,3393
334,Country,55.87,231,91,0.673,0.699,0.619,0.282,0,2024,534
335,Country,2.96,217,86,0.641,0.412,0.259,0.167,0,2019,29
336,Rock,182.33,258,125,0.514,0.434,0.264,0.254,0,2016,208
337,Hip-Hop,10.16,222,113,0.63,0.43,0.65,0.287,1,2017,33
338,Pop,1.8,206,107,0.389,0.702,0.387,0.263,0,2017,1200
339,EDM,9.05,250,92,0.651,0.619,0.509,0.398,0,2017,4
340,Latin,47.15,135,119,0.804,0.632,0.288,0.362,0,2017,224
341,Hip-Hop,1.49,201,115,0.505,0.555,0.835,0.19,0,2018,219
342,Hip-Hop,136.09,167,160,0.732,0.389,0.658,0.269,0,2024,27
343,Country,16.42,221,93,0.734,0.464,0.59,0.11,0,2015,98
344,Country,1.33,246,105,0.432,0.366,0.429,0.111,0,2018,260
345,Rock,3.38,222,158,0.646,0.585,0.615,0.032,0,2018,10
346,Rock,3.96,241,104,0.653,0.636,0.434,0.35,0,2022,21
347,Pop,38.96,265,98,0.384,0.326,0.563,0.197,0,2018,117
348,Rock,1.26,232,133,0.572,0.654,0.759,0.127,0,2019,42
349,K-Pop,74.38,243,124,0.749,0.495,0.678,0.331,1,2018,74
350,Hip-Hop,40.95,294,110,0.662,0.84,0.313,0.28,0,2019,144
351,Pop,89.71,328,122,0.435,0.756,0.614,0.034,0,2017,37
352,K-Pop,8.07,202,134,0.48,0.563,0.423,0.376,0,2017,142
353,Country,47.1,167,124,0.538,0.342,0.336,0.25,0,2022,232
354,Indie,5.15,93,137,0.537,0.849,0.318,0.06,0,2015,477
355,R&B,34.21,296,114,0.567,0.589,0.776,0.581,0,2017,22
356,Indie,8.43,184,89,0.92,0.748,0.411,0.418,1,2016,57
357,Country,110.12,230,136,0.352,0.524,0.672,0.468,0,2024,358
358,EDM,11.05,239,111,0.466,0.628,0.457,0.15,1,2020,16
359,EDM,2.08,246,111,0.634,0.594,0.242,0.361,1,2022,174
360,EDM,71.47,198,142,0.759,0.443,0.538,0.211,0,2020,154
361,Hip-Hop,10.1,245,169,0.385,0.565,0.45,0.619,1,2018,3
362,Jazz,3.3,234,69,0.635,0.507,0.428,0.13,1,2017,70
363,Jazz,3.08,179,110,0.533,0.822,0.564,0.418,0,2018,243
364,K-Pop,1.94,283,117,0.451,0.392,0.334,0.555,0,2022,108
365,Latin,0.86,240,123,0.449,0.711,0.695,0.266,1,2023,72
366,Rock,3.92,152,114,0.833,0.687,0.255,0.085,1,2022,187
367,Hip-Hop,10.05,193,117,0.687,0.566,0.599,0.295,1,2023,654
368,R&B,4.17,192,131,0.639,0.541,0.674,0.359,1,2022,332
369,Indie,0.03,184,114,0.814,0.57,0.128,0.21,1,2019,47
370,K-Pop,0.74,237,104,0.612,0.927,0.574,0.259,1,2019,16
371,Jazz,30.27,268,103,0.864,0.318,0.245,0.205,0,2015,323
372,Hip-Hop,6.22,160,159,0.534,0.839,0.359,0.298,1,2022,25
373,EDM,0.57,193,179,0.564,0.798,0.731,0.207,1,2016,67
374,Indie,4.33,261,109,0.907,0.521,0.679,0.182,0,2020,200
375,Rock,8.91,172,110,0.659,0.557,0.524,0.451,1,2020,828
376,K-Pop,30.97,177,131,0.412,0.804,0.362,0.428,0,2024,1021
377,R&B,2.64,108,124,0.466,0.766,0.605,0.29,0,2018,162
378,Country,19.13,244,115,0.627,0.617,0.562,0.469,0,2023,69
379,Latin,7.15,219,82,0.266,0.655,0.649,0.317,0,2017,24
380,Country,4.24,194,95,0.545,0.424,0.286,0.26,0,2022,2801
381,R&B,27.37,137,140,0.526,0.704,0.558,0.245,0,2016,96
382,R&B,1.79,194,111,0.879,0.444,0.883,0.015,0,2019,410
383,Country,30.6,123,178,0.768,0.725,0.258,0.431,1,2020,199
384,Rock,1.33,202,177,0.476,0.467,0.264,0.191,0,2016,70
385,K-Pop,3.11,296,92,0.522,0.553,0.662,0.533,0,2021,66
386,Hip-Hop,4.15,218,159,0.349,0.865,0.556,0.106,1,2019,18
387,Latin,6.26,265,115,0.657,0.748,0.533,0.325,1,2024,799
388,R&B,0.16,268,124,0.521,0.723,0.443,0.093,1,2018,123
389,Indie,8.66,186,141,0.514,0.725,0.276,0.268,0,2018,1266
390,Latin,0.48,237,150,0.818,0.626,0.509,0.34,1,2016,75
391,Indie,9.5,90,98,0.491,0.584,0.516,0.235,0,2023,94
392,R&B,11.15,222,185,0.695,0.536,0.652,0.227,1,2015,27
393,Hip-Hop,31.98,258,128,0.559,0.761,0.554,0.264,0,2015,93
394,Latin,1.0,233,60,0.242,0.4,0.809,0.496,1,2018,23
395,K-Pop,10.42,193,112,0.579,0.481,0.339,0.206,0,2017,271
396,EDM,6.88,266,183,0.676,0.314,0.325,0.153,1,2023,174
397,Latin,3.15,261,102,0.455,0.711,0.346,0.536,0,2021,1356
398,EDM,1.47,207,188,0.435,0.621,0.809,0.175,0,2016,16
399,Hip-Hop,8.34,277,123,0.477,0.614,0.689,0.135,1,2018,919
400,K-Pop,54.89,233,119,0.564,0.738,0.709,0.13,1,2019,34
401,Country,5.15,137,88,0.675,0.744,0.705,0.13,0,2024,248
402,Rock,48.45,224,138,0.842,0.747,0.566,0.27,0,2018,26
403,R&B,41.22,177,110,0.407,0.275,0.481,0.202,0,2018,201
404,R&B,0.3,232,119,0.458,0.557,0.602,0.161,0,2018,3
405,K-Pop,2.04,90,113,0.869,0.591,0.493,0.428,0,2022,54
406,Country,3.24,281,145,0.399,0.686,0.383,0.536,1,2021,174
407,Hip-Hop,53.82,260,113,0.651,0.738,0.755,0.253,0,2018,2065
408,EDM,7.17,281,60,0.598,0.596,0.501,0.254,1,2015,6
409,Latin,51.21,209,94,0.589,0.797,0.635,0.385,0,2020,147
410,Indie,6.02,262,80,0.605,0.637,0.416,0.165,0,2019,68
411,Country,53.41,219,164,0.711,0.574,0.576,0.436,1,2019,8
412,Indie,14.56,165,137,0.654,0.797,0.685,0.354,0,2020,27
413,Indie,6.4,173,121,0.304,0.582,0.664,0.534,0,2022,73
414,R&B,43.04,194,114,0.65,0.585,0.475,0.161,0,2020,299
415,Latin,3.47,266,77,0.549,0.456,0.422,0.232,0,2020,169
416,K-Pop,153.1,264,113,0.773,0.687,0.369,0.478,0,2021,20
417,Jazz,0.83,180,148,0.619,0.755,0.749,0.158,0,2022,9
418,R&B,3.87,242,144,0.453,0.783,0.446,0.061,0,2018,277
419,K-Pop,8.6,210,132,0.877,0.84,0.498,0.297,0,2021,110
420,R&B,2.43,167,78,0.502,0.473,0.56,0.532,1,2022,1664
421,Pop,13.35,156,98,0.427,0.449,0.574,0.52,0,2020,87
422,R&B,6.17,199,131,0.521,0.652,0.493,0.229,1,2023,824
423,Hip-Hop,12.12,251,85,0.533,0.596,0.75,0.391,0,2020,335
424,EDM,1.95,187,141,0.48,0.814,0.821,0.522,0,2018,508
425,Indie,1.61,245,80,0.5,0.702,0.532,0.164,1,2020,283
426,EDM,7.08,223,86,0.835,0.336,0.605,0.188,0,2016,293
427,K-Pop,22.06,136,80,0.437,0.804,0.416,0.485,0,2022,4
428,EDM,117.35,300,105,0.73,0.608,0.469,0.19,0,2020,104
429,Latin,0.48,263,74,0.733,0.545,0.201,0.128,0,2018,54
430,Country,5.5,146,105,0.285,0.852,0.146,0.299,1,2021,998
431,Indie,14.36,227,92,0.526,0.168,0.459,0.557,1,2022,33
432,Hip-Hop,12.78,276,99,0.796,0.591,0.362,0.236,1,2017,97
433,Hip-Hop,1.18,228,140,0.396,0.579,0.328,0.302,0,2024,493
434,Indie,2.48,191,119,0.539,0.776,0.449,0.349,0,2017,233
435,EDM,7.24,204,140,0.353,0.379,0.695,0.335,1,2024,190
436,Hip-Hop,413.68,198,186,0.838,0.739,0.4,0.113,0,2017,783
437,EDM,30.41,203,69,0.701,0.32,0.273,0.394,0,2017,219
438,Indie,12.5,260,103,0.693,0.863,0.255,0.218,1,2016,65
439,EDM,0.13,231,89,0.522,0.691,0.704,0.191,0,2019,21
440,K-Pop,1.02,171,99,0.709,0.748,0.316,0.299,0,2020,307
441,EDM,1.17,197,131,0.927,0.752,0.341,0.812,0,2015,46
442,Rock,12.64,192,173,0.918,0.563,0.561,0.549,0,2020,103
443,K-Pop,6.02,223,139,0.776,0.693,0.304,0.673,0,2021,748
444,Jazz,2.85,159,134,0.714,0.542,0.33,0.029,0,2016,106
445,Country,12.2,142,151,0.382,0.306,0.54,0.083,0,2015,76
446,EDM,0.77,168,164,0.586,0.561,0.543,0.595,0,2021,97
447,R&B,2.18,139,173,0.682,0.577,0.442,0.075,1,2020,101
448,Rock,6.69,141,134,0.431,0.545,0.326,0.422,1,2017,33
449,Jazz,121.98,265,91,0.563,0.747,0.544,0.448,1,2016,1837
450,Country,28.32,204,109,0.359,0.588,0.481,0.628,1,2016,65
451,Rock,14.11,226,60,0.516,0.567,0.374,0.317,1,2016,481
452,Hip-Hop,4.05,212,142,0.472,0.695,0.346,0.489,0,2022,32
453,EDM,7.19,215,94,0.471,0.849,0.488,0.514,0,2015,338
454,Indie,45.79,223,98,0.643,0.728,0.564,0.147,0,2017,191
455,Rock,114.28,236,130,0.776,0.578,0.53,0.179,1,2022,154
456,EDM,5.16,226,61,0.653,0.697,0.306,0.276,1,2020,192
457,K-Pop,14.53,335,150,0.753,0.853,0.79,0.082,1,2021,276
458,Pop,29.11,163,136,0.538,0.558,0.436,0.066,0,2016,105
459,Rock,13.64,162,107,0.832,0.449,0.633,0.254,1,2023,113
460,Hip-Hop,1.04,185,118,0.702,0.793,0.26,0.318,1,2021,352
461,Indie,2.42,150,99,0.77,0.606,0.253,0.295,0,2017,26
462,K-Pop,22.44,197,198,0.648,0.87,0.245,0.198,1,2023,21
463,Jazz,3.17,166,92,0.527,0.394,0.464,0.206,0,2017,194
464,EDM,108.9,213,129,0.819,0.155,0.604,0.295,0,2024,7
465,Rock,4.66,213,112,0.612,0.588,0.468,0.684,1,2022,11
466,Jazz,1.0,151,121,0.71,0.507,0.709,0.252,0,2021,2225
467,Indie,34.88,244,135,0.449,0.681,0.718,0.27,1,2017,1516
468,Jazz,4.31,173,136,0.617,0.298,0.75,0.404,0,2019,63
469,Latin,4.85,167,109,0.606,0.701,0.878,0.523,0,2021,664
470,Hip-Hop,27.16,229,85,0.692,0.822,0.458,0.294,0,2017,699
471,Latin,1.67,210,98,0.569,0.665,0.616,0.131,1,2016,300
472,Pop,8.36,210,106,0.553,0.673,0.686,0.211,1,2023,131
473,Indie,1.2,165,102,0.595,0.445,0.346,0.294,0,2016,379
474,Country,8.28,159,88,0.635,0.417,0.231,0.42,1,2017,491
475,K-Pop,0.63,245,133,0.516,0.775,0.48,0.463,0,2015,388
476,Rock,2.09,206,79,0.754,0.755,0.623,0.353,0,2015,14
477,Latin,28.43,220,118,0.704,0.678,0.559,0.454,1,2015,3132
478,Indie,51.72,216,71,0.564,0.272,0.385,0.482,1,2024,5458
479,Pop,1.96,240,152,0.429,0.802,0.352,0.046,0,2017,8
480,EDM,1.93,207,101,0.56,0.818,0.518,0.481,0,2020,319
481,Hip-Hop,8.62,199,98,0.707,0.644,0.244,0.226,1,2024,3192
482,Indie,2.2,242,93,0.531,0.261,0.362,0.245,0,2017,667
483,EDM,30.16,310,171,0.673,0.861,0.649,0.525,1,2018,678
484,Rock,0.92,154,159,0.305,0.39,0.357,0.415,0,2016,17
485,R&B,2.88,185,121,0.749,0.884,0.586,0.599,1,2021,486
486,Latin,112.0,223,104,0.82,0.823,0.77,0.512,0,2018,212
487,K-Pop,13.03,112,182,0.609,0.601,0.175,0.378,0,2015,478
488,Jazz,17.75,259,134,0.763,0.44,0.608,0.14,0,2018,31
489,Hip-Hop,5.56,245,112,0.721,0.512,0.583,0.175,0,2018,29
490,K-Pop,0.82,211,103,0.778,0.951,0.43,0.385,0,2017,119
491,EDM,75.44,230,144,0.539,0.38,0.245,0.097,0,2022,84
492,Hip-Hop,9.9,277,113,0.258,0.803,0.216,0.224,0,2021,117
493,Indie,30.68,223,79,0.775,0.682,0.616,0.184,0,2024,72
494,R&B,4.9,153,125,0.585,0.704,0.304,0.111,0,2024,109
495,Indie,7.11,253,127,0.372,0.669,0.405,0.285,0,2017,54
496,Latin,4.06,251,121,0.485,0.737,0.226,0.236,0,2018,138
497,Latin,10.06,219,135,0.779,0.774,0.194,0.265,1,2022,17
498,Latin,3.65,327,110,0.446,0.756,0.339,0.208,1,2024,320
499,Hip-Hop,2.03,205,120,0.426,0.657,0.266,0.188,0,2017,219
500,Indie,5.49,129,119,0.694,0.313,0.48,0.225,0,2019,22
501,Hip-Hop,16.31,221,79,0.491,0.526,0.733,0.309,0,2019,1085
502,Rock,42.33,216,141,0.578,0.695,0.316,0.409,1,2019,42
503,Jazz,0.98,310,136,0.599,0.553,0.603,0.349,1,2019,883
504,Latin,27.94,226,149,0.5,0.362,0.322,0.596,0,2023,243
505,Latin,2.59,199,89,0.615,0.485,0.435,0.141,0,2024,665
506,Latin,1.63,153,107,0.559,0.704,0.693,0.332,0,2019,193
507,R&B,1.77,291,153,0.713,0.731,0.409,0.121,0,2023,347
508,Country,367.17,107,102,0.694,0.448,0.333,0.156,0,2023,654
509,Latin,22.57,231,173,0.635,0.571,0.748,0.318,0,2024,2593
510,Indie,1.31,119,73,0.865,0.692,0.54,0.384,0,2018,743
511,Rock,3.23,196,103,0.707,0.601,0.448,0.531,0,2023,290
512,EDM,0.96,194,106,0.36,0.63,0.112,0.466,1,2016,19
513,K-Pop,1.01,179,142,0.679,0.605,0.52,0.45,0,2017,3
514,Jazz,0.96,193,169,0.401,0.464,0.74,0.46,0,2015,122
515,Country,1.55,216,129,0.302,0.4,0.504,0.07,0,2021,50
516,R&B,23.31,189,60,0.669,0.461,0.583,0.387,0,2024,53
517,K-Pop,36.54,204,117,0.52,0.519,0.616,0.38,1,2023,131
518,R&B,1.85,178,123,0.566,0.771,0.551,0.169,0,2017,401
519,Rock,3.98,199,131,0.258,0.756,0.277,0.221,0,2022,58
520,Latin,26.0,253,117,0.773,0.69,0.222,0.311,0,2015,568
521,Country,7.81,189,159,0.469,0.553,0.164,0.102,1,2020,156
522,Pop,12.46,280,93,0.557,0.668,0.518,0.363,0,2020,157
523,Indie,3.4,253,89,0.564,0.249,0.442,0.067,0,2019,2471
524,Pop,73.43,246,101,0.616,0.605,0.34,0.273,1,2018,193
525,K-Pop,97.13,210,198,0.409,0.753,0.671,0.631,1,2017,136
526,Pop,21.85,167,114,0.67,0.479,0.078,0.337,1,2018,325
527,R&B,3.0,214,154,0.398,0.871,0.377,0.343,0,2021,2198
528,Jazz,1.02,289,153,0.567,0.693,0.464,0.512,0,2021,138
529,R&B,101.29,172,68,0.482,0.388,0.461,0.351,1,2017,287
530,K-Pop,12.06,223,118,0.677,0.676,0.269,0.145,1,2024,126
531,Pop,8.83,169,153,0.866,0.784,0.469,0.569,0,2017,127
532,Jazz,21.5,191,200,0.651,0.463,0.603,0.428,0,2017,71
533,K-Pop,7.7,223,152,0.395,0.353,0.269,0.419,1,2019,64
534,R&B,4.96,226,109,0.561,0.602,0.164,0.34,1,2015,1889
535,Latin,205.26,215,163,0.41,0.541,0.48,0.364,0,2024,64
536,K-Pop,43.48,237,107,0.765,0.568,0.652,0.397,0,2021,14
537,Latin,89.28,230,86,0.693,0.837,0.567,0.176,1,2022,179
538,Hip-Hop,79.21,195,140,0.721,0.656,0.465,0.449,1,2021,683
539,EDM,0.38,242,76,0.655,0.866,0.686,0.247,0,2022,956
540,EDM,25.74,166,102,0.722,0.702,0.742,0.249,0,2023,24
541,Rock,15.62,198,164,0.295,0.457,0.372,0.406,0,2018,787
542,R&B,2.94,189,141,0.617,0.432,0.203,0.321,0,2017,3256
543,EDM,608.85,226,94,0.548,0.674,0.654,0.307,0,2021,53
544,EDM,9.3,103,124,0.7,0.793,0.607,0.172,1,2023,114
545,Pop,3.41,192,117,0.471,0.452,0.27,0.186,0,2023,23
546,Jazz,6.01,230,147,0.531,0.613,0.425,0.284,1,2022,2393
547,Indie,18.72,321,131,0.733,0.697,0.341,0.242,0,2017,15
548,K-Pop,14.45,212,124,0.398,0.343,0.452,0.455,0,2020,81
549,Hip-Hop,3.36,161,118,0.764,0.434,0.284,0.314,0,2016,481
550,R&B,26.06,240,87,0.648,0.807,0.217,0.193,0,2020,53
551,EDM,7.77,179,161,0.405,0.364,0.595,0.312,1,2019,33
552,Hip-Hop,5.07,148,132,0.365,0.429,0.681,0.292,0,2018,137
553,Latin,5.41,218,110,0.742,0.716,0.404,0.05,0,2017,5352
554,EDM,1.29,269,112,0.483,0.381,0.478,0.332,0,2022,101
555,Indie,1.73,173,116,0.462,0.568,0.251,0.227,1,2024,108
556,Latin,1.52,200,95,0.785,0.546,0.304,0.25,1,2020,27
557,Jazz,0.21,241,102,0.34,0.76,0.447,0.659,1,2023,264
558,Pop,12.34,256,149,0.829,0.785,0.646,0.079,0,2017,558
559,Jazz,1.61,274,73,0.514,0.425,0.419,0.435,0,2019,59
560,Jazz,3.98,178,175,0.689,0.521,0.376,0.273,0,2018,331
561,Country,4.7,204,120,0.707,0.654,0.507,0.323,1,2020,60
562,EDM,1.68,112,96,0.67,0.889,0.508,0.37,0,2016,8
563,Latin,4.27,192,109,0.523,0.769,0.727,0.493,1,2020,294
564,R&B,8.33,162,132,0.691,0.803,0.727,0.104,0,2017,3332
565,K-Pop,2.6,216,105,0.477,0.768,0.617,0.117,1,2022,24
566,Pop,1.87,249,139,0.749,0.633,0.45,0.438,0,2024,194
567,Rock,2.96,241,88,0.388,0.499,0.504,0.71,1,2024,1058
568,Jazz,30.8,157,96,0.782,0.641,0.195,0.377,0,2020,127
569,Hip-Hop,3.15,192,127,0.485,0.804,0.544,0.304,0,2022,17
570,Hip-Hop,9.5,230,101,0.605,0.636,0.146,0.263,0,2021,158
571,Pop,3.49,215,178,0.833,0.595,0.462,0.357,0,2020,1387
572,Rock,6.3,178,144,0.784,0.761,0.402,0.215,1,2023,69
573,Jazz,26.35,226,135,0.675,0.613,0.27,0.394,0,2023,210
574,Country,1.92,244,123,0.68,0.632,0.912,0.564,0,2024,30
575,EDM,208.96,201,109,0.511,0.669,0.516,0.191,1,2024,127
576,Indie,12.63,165,112,0.746,0.341,0.545,0.484,1,2018,265
577,R&B,10.03,226,94,0.617,0.432,0.31,0.37,0,2022,179
578,Pop,1.53,171,126,0.719,0.677,0.394,0.366,0,2017,77
579,K-Pop,19.6,269,82,0.652,0.786,0.57,0.489,1,2019,288
580,Rock,89.62,91,163,0.722,0.786,0.559,0.512,1,2017,405
581,Indie,2.38,195,121,0.659,0.861,0.681,0.304,1,2024,447
582,R&B,1.64,169,161,0.93,0.577,0.737,0.167,1,2018,95
583,Rock,7.93,242,146,0.555,0.735,0.722,0.335,0,2019,58
584,Rock,1.62,274,117,0.661,0.41,0.473,0.2,0,2022,2820
585,R&B,3.76,180,133,0.658,0.327,0.628,0.388,0,2024,182
586,R&B,25.92,167,107,0.804,0.886,0.746,0.163,0,2022,100
587,Latin,104.91,238,117,0.573,0.452,0.589,0.475,0,2017,16
588,Hip-Hop,27.69,129,96,0.776,0.507,0.484,0.053,0,2022,36
589,Indie,2.03,221,169,0.763,0.413,0.615,0.601,0,2024,56
590,Hip-Hop,4.88,208,125,0.532,0.649,0.182,0.227,0,2018,286
591,Pop,4.38,200,145,0.96,0.461,0.47,0.311,1,2016,86
592,Indie,8.59,172,106,0.539,0.779,0.736,0.306,0,2017,151
593,R&B,27.83,115,167,0.488,0.35,0.351,0.315,1,2022,17
594,EDM,2.22,253,98,0.57,0.558,0.199,0.165,1,2019,1220
595,Pop,196.77,238,116,0.452,0.471,0.179,0.099,0,2016,49
596,Rock,1.55,207,105,0.563,0.784,0.649,0.33,0,2021,211
597,Latin,2.13,220,128,0.607,0.702,0.417,0.425,0,2019,66
598,Latin,2.22,203,99,0.585,0.466,0.48,0.078,0,2020,92
599,Indie,295.96,254,137,0.694,0.73,0.462,0.196,0,2016,45
600,Hip-Hop,85.72,201,127,0.598,0.672,0.34,0.606,1,2021,231
601,Latin,2.18,208,115,0.671,0.852,0.313,0.109,0,2015,34
602,R&B,3.7,216,88,0.597,0.822,0.535,0.142,0,2024,237
603,EDM,6.4,192,117,0.799,0.554,0.232,0.484,0,2024,124
604,R&B,3.59,205,116,0.892,0.61,0.412,0.372,0,2019,381
605,K-Pop,28.54,204,146,0.571,0.763,0.662,0.057,1,2023,442
606,Pop,15.42,179,111,0.643,0.745,0.535,0.188,1,2021,92
607,Pop,10.01,167,90,0.384,0.399,0.713,0.243,1,2023,256
608,Country,25.28,201,66,0.566,0.814,0.633,0.608,1,2023,75
609,Country,14.27,196,154,0.239,0.505,0.819,0.089,0,2015,1068
610,Indie,20.27,257,114,0.605,0.715,0.308,0.527,0,2022,86
611,Latin,9.58,166,129,0.477,0.75,0.298,0.2,0,2021,109
612,Rock,97.77,184,104,0.766,0.662,0.57,0.227,1,2016,73
613,Indie,9.0,218,102,0.538,0.563,0.242,0.309,0,2017,49
614,R&B,5.91,227,117,0.686,0.476,0.507,0.228,0,2020,3135
615,Rock,24.45,203,94,0.866,0.923,0.508,0.315,1,2017,307
616,Hip-Hop,17.32,246,108,0.784,0.706,0.232,0.164,1,2022,164
617,K-Pop,7.17,205,141,0.61,0.37,0.202,0.331,1,2018,72
618,Latin,0.63,170,141,0.694,0.462,0.569,0.064,0,2021,788
619,Country,61.23,208,104,0.763,0.839,0.641,0.18,0,2018,65
620,K-Pop,47.64,243,113,0.419,0.545,0.56,0.522,0,2016,177
621,Rock,2.06,253,62,0.537,0.288,0.36,0.183,1,2021,4041
622,EDM,13.79,252,69,0.603,0.423,0.731,0.045,1,2022,35
623,Indie,3.37,218,104,0.496,0.489,0.26,0.254,0,2015,333
624,K-Pop,16.32,221,121,0.679,0.629,0.42,0.32,0,2019,228
625,R&B,39.38,236,81,0.426,0.739,0.467,0.111,1,2024,327
626,Pop,6.08,136,141,0.745,0.826,0.583,0.475,1,2022,96
627,Indie,21.49,177,145,0.64,0.788,0.785,0.302,0,2015,61
628,Jazz,0.89,223,94,0.377,0.576,0.818,0.055,1,2017,208
629,Rock,2.03,165,93,0.417,0.809,0.257,0.156,0,2016,74
630,EDM,28.55,261,132,0.563,0.256,0.321,0.623,0,2017,4
631,R&B,2.83,258,170,0.43,0.387,0.664,0.625,1,2017,43
632,EDM,2.14,185,107,0.725,0.476,0.321,0.18,1,2017,92
633,Rock,2.49,169,148,0.751,0.842,0.497,0.296,0,2015,29
634,Latin,1.47,229,119,0.467,0.832,0.32,0.374,0,2017,186
635,Hip-Hop,33.35,152,121,0.444,0.742,0.452,0.535,1,2016,47
636,Country,37.25,216,114,0.709,0.581,0.517,0.162,1,2023,139
637,Rock,2.36,337,148,0.508,0.293,0.488,0.119,1,2024,3834
638,Country,1.4,164,179,0.572,0.849,0.331,0.357,0,2022,934
639,Rock,6.42,174,145,0.698,0.622,0.242,0.291,0,2020,360
640,K-Pop,1.28,182,84,0.52,0.731,0.847,0.139,1,2021,2239
641,Indie,21.3,169,112,0.741,0.486,0.497,0.357,1,2015,133
642,Hip-Hop,7.5,171,61,0.733,0.887,0.642,0.566,0,2021,135
643,Indie,4.29,287,181,0.554,0.667,0.621,0.2,1,2022,30
644,Indie,34.2,212,130,0.813,0.845,0.381,0.18,1,2022,1009
645,Jazz,1.79,250,95,0.499,0.48,0.649,0.185,1,2020,2794
646,Rock,3.9,263,127,0.272,0.643,0.571,0.279,0,2021,578
647,Jazz,1.23,128,176,0.604,0.535,0.49,0.138,0,2016,1255
648,Country,0.93,175,94,0.567,0.412,0.316,0.24,0,2018,2
649,Hip-Hop,1.9,169,102,0.748,0.393,0.421,0.44,0,2022,4961
650,Jazz,2.19,91,84,0.343,0.733,0.555,0.253,1,2018,126
651,EDM,1.91,229,137,0.591,0.667,0.637,0.167,1,2022,5084
652,Hip-Hop,6.44,223,115,0.809,0.737,0.548,0.245,0,2024,1993
653,R&B,6.36,269,60,0.259,0.921,0.594,0.171,1,2018,472
654,Rock,0.72,231,130,0.463,0.623,0.59,0.28,0,2023,88
655,Pop,24.43,92,148,0.617,0.888,0.399,0.163,0,2015,188
656,Indie,0.76,178,104,0.452,0.3,0.565,0.531,0,2020,8
657,Indie,0.55,181,118,0.488,0.578,0.572,0.333,1,2015,599
658,Pop,34.96,233,113,0.884,0.441,0.591,0.534,0,2020,3
659,EDM,1.41,90,140,0.461,0.868,0.182,0.027,0,2018,94
660,Pop,12.62,234,70,0.76,0.679,0.669,0.176,0,2022,1502
661,K-Pop,3.08,245,100,0.48,0.629,0.366,0.355,1,2022,437
662,Pop,1.64,198,110,0.486,0.632,0.403,0.182,1,2023,14
663,Rock,1.25,174,143,0.922,0.791,0.709,0.15,0,2021,19
664,K-Pop,13.07,263,120,0.61,0.54,0.228,0.396,0,2022,60
665,Pop,1.82,147,80,0.783,0.582,0.792,0.677,1,2017,166
666,Hip-Hop,38.2,261,102,0.595,0.718,0.261,0.306,1,2024,552
667,R&B,0.75,250,157,0.789,0.62,0.316,0.459,1,2018,367
668,Latin,61.71,235,80,0.54,0.658,0.251,0.373,1,2018,30
669,Indie,0.33,291,150,0.758,0.584,0.478,0.489,0,2020,375
670,Pop,11.33,210,148,0.893,0.749,0.651,0.656,1,2021,440
671,Pop,1.27,237,156,0.696,0.695,0.439,0.232,1,2023,308
672,Country,0.68,207,152,0.822,0.61,0.527,0.182,1,2024,6107
673,Indie,6.36,195,160,0.685,0.627,0.223,0.348,0,2020,441
674,Pop,20.37,233,66,0.638,0.755,0.611,0.114,1,2016,633
675,Rock,5.51,196,159,0.656,0.493,0.553,0.262,1,2024,2474
676,EDM,6.92,212,134,0.656,0.911,0.408,0.238,1,2024,531
677,Pop,10.03,213,102,0.595,0.632,0.816,0.122,0,2021,64
678,Rock,18.64,191,84,0.618,0.602,0.697,0.174,0,2024,957
679,Pop,87.23,243,120,0.572,0.536,0.48,0.046,0,2023,81
680,R&B,2.42,130,191,0.514,0.765,0.597,0.236,1,2022,33
681,K-Pop,15.14,178,135,0.566,0.604,0.747,0.222,0,2018,38
682,Country,3.13,166,105,0.72,0.577,0.598,0.305,0,2016,941
683,Rock,5.69,223,191,0.319,0.733,0.801,0.095,0,2022,376
684,Jazz,20.56,199,139,0.68,0.624,0.751,0.406,1,2020,728
685,Latin,9.69,146,140,0.61,0.785,0.574,0.217,0,2022,379
686,EDM,2.41,231,128,0.484,0.776,0.201,0.346,1,2023,197
687,K-Pop,8.65,220,135,0.605,0.769,0.287,0.155,1,2017,239
688,R&B,12.54,211,60,0.499,0.548,0.533,0.356,1,2022,360
689,R&B,19.03,245,124,0.285,0.703,0.581,0.382,1,2024,60
690,K-Pop,40.95,233,143,0.668,0.58,0.69,0.044,1,2022,21
691,Hip-Hop,108.71,199,167,0.746,0.777,0.62,0.255,0,2019,71
692,Jazz,7.42,228,188,0.874,0.366,0.325,0.321,0,2020,335
693,Hip-Hop,1.41,271,153,0.399,0.875,0.708,0.381,0,2019,56
694,K-Pop,11.88,203,126,0.551,0.579,0.624,0.359,0,2020,3620
695,Latin,0.99,266,122,0.732,0.652,0.629,0.415,1,2015,287
696,Country,128.16,295,99,0.52,0.877,0.246,0.535,0,2024,177
697,Country,3.2,224,136,0.261,0.364,0.283,0.354,0,2024,59
698,K-Pop,32.39,164,179,0.864,0.845,0.531,0.528,0,2024,586
699,Jazz,11.86,196,108,0.698,0.616,0.387,0.029,1,2016,24
700,Country,10.66,217,125,0.648,0.503,0.698,0.079,0,2022,238
701,K-Pop,0.69,210,98,0.585,0.667,0.572,0.176,0,2015,77
702,Indie,2.27,215,151,0.506,0.657,0.431,0.158,0,2023,177
703,EDM,4.09,264,157,0.382,0.735,0.257,0.246,0,2021,307
704,Country,4.22,171,99,0.8,0.591,0.46,0.245,1,2015,26
705,Country,8.49,226,137,0.873,0.669,0.906,0.262,0,2019,12
706,Country,2.74,251,60,0.531,0.503,0.492,0.171,0,2016,36
707,Pop,15.41,198,111,0.607,0.56,0.652,0.287,0,2015,554
708,Country,6.4,163,158,0.535,0.783,0.604,0.502,1,2015,259
709,Rock,19.81,200,105,0.741,0.626,0.585,0.506,1,2019,81
710,EDM,0.8,163,80,0.313,0.492,0.571,0.274,0,2018,2841
711,K-Pop,23.84,178,140,0.739,0.695,0.203,0.324,0,2019,1020
712,Rock,85.11,236,116,0.477,0.779,0.81,0.205,1,2020,709
713,Pop,5.82,221,125,0.567,0.421,0.369,0.237,0,2015,50
714,Indie,45.18,242,130,0.939,0.66,0.746,0.201,1,2016,698
715,K-Pop,7.09,231,147,0.497,0.754,0.418,0.167,0,2016,247
716,Jazz,3.94,200,152,0.568,0.767,0.644,0.351,0,2019,50
717,R&B,10.14,164,131,0.792,0.736,0.473,0.203,0,2024,126
718,Jazz,77.77,224,155,0.668,0.458,0.33,0.209,1,2023,31
719,Country,68.94,185,119,0.599,0.736,0.389,0.209,0,2021,50
720,Rock,0.74,203,129,0.6,0.641,0.714,0.271,0,2024,26
721,Indie,1.58,177,120,0.806,0.66,0.295,0.176,1,2018,623
722,Rock,6.48,250,84,0.593,0.554,0.225,0.291,1,2019,133
723,R&B,2.56,109,164,0.659,0.717,0.485,0.115,0,2021,36
724,Jazz,13.11,233,121,0.697,0.867,0.148,0.26,0,2024,322
725,Latin,6.0,216,167,0.756,0.627,0.7,0.227,0,2023,148
726,Hip-Hop,3.74,249,133,0.634,0.644,0.637,0.555,0,2024,717
727,Pop,143.47,154,132,0.678,0.416,0.244,0.401,1,2021,181
728,R&B,23.9,207,148,0.555,0.659,0.755,0.388,1,2016,17
729,Indie,21.59,190,128,0.836,0.611,0.756,0.377,1,2018,70
730,Pop,2.2,202,101,0.68,0.693,0.738,0.706,1,2024,26
731,Jazz,6.99,210,115,0.364,0.695,0.858,0.188,1,2018,345
732,Rock,6.02,188,155,0.611,0.761,0.632,0.243,0,2023,754
733,R&B,8.51,205,141,0.57,0.633,0.747,0.276,0,2022,14
734,R&B,3.82,265,94,0.73,0.709,0.762,0.23,1,2020,123
735,Rock,29.48,275,129,0.497,0.516,0.606,0.4,0,2022,836
736,Rock,54.42,220,90,0.716,0.482,0.791,0.187,1,2021,14
737,Latin,23.29,275,122,0.393,0.818,0.566,0.443,1,2022,77
738,Indie,6.36,145,150,0.373,0.727,0.472,0.412,0,2021,148
739,Jazz,4.04,246,102,0.775,0.393,0.52,0.282,0,2016,735
740,R&B,37.48,219,117,0.623,0.765,0.621,0.086,1,2020,335
741,Indie,12.01,193,92,0.627,0.561,0.469,0.159,0,2018,456
742,Indie,17.03,237,138,0.347,0.448,0.415,0.244,0,2018,366
743,EDM,11.69,217,124,0.322,0.607,0.387,0.387,0,2024,84
744,Pop,2.42,183,100,0.609,0.606,0.525,0.473,0,2020,1746
745,Latin,77.1,241,132,0.589,0.75,0.421,0.155,0,2022,54
746,Latin,293.14,207,119,0.443,0.663,0.837,0.173,0,2019,2
747,Country,3.86,177,135,0.72,0.826,0.69,0.649,1,2017,9
748,EDM,6.97,246,92,0.623,0.543,0.684,0.215,0,2015,124
749,K-Pop,4.17,133,110,0.628,0.501,0.362,0.459,0,2019,90
750,Rock,2.73,283,124,0.452,0.641,0.482,0.177,1,2017,66
751,R&B,18.07,250,140,0.261,0.713,0.814,0.48,0,2017,185
752,K-Pop,3.1,124,90,0.425,0.565,0.698,0.675,0,2018,898
753,Jazz,1.76,264,123,0.547,0.827,0.613,0.458,1,2023,293
754,Hip-Hop,14.43,213,149,0.47,0.687,0.513,0.146,0,2018,392
755,K-Pop,1.99,117,121,0.753,0.391,0.655,0.538,0,2019,29
756,Country,2.93,126,110,0.639,0.433,0.905,0.271,0,2024,68
757,Rock,2.68,235,103,0.803,0.787,0.753,0.269,1,2019,424
758,Indie,14.79,160,104,0.426,0.536,0.244,0.059,1,2015,174
759,K-Pop,8.26,170,126,0.595,0.67,0.402,0.417,1,2021,303
760,Pop,0.45,214,60,0.532,0.51,0.553,0.15,1,2016,372
761,Country,11.34,232,103,0.803,0.756,0.71,0.422,0,2020,190
762,K-Pop,2.14,219,132,0.68,0.686,0.762,0.311,1,2018,1592
763,Hip-Hop,74.18,169,142,0.858,0.724,0.386,0.188,1,2019,66
764,Pop,0.33,176,91,0.583,0.361,0.758,0.178,1,2019,43
765,Indie,12.99,162,101,0.666,0.559,0.449,0.426,1,2018,10
766,EDM,23.74,220,122,0.407,0.662,0.651,0.448,1,2016,456
767,Hip-Hop,1.21,218,138,0.467,0.487,0.662,0.581,1,2022,63
768,Rock,4.86,227,108,0.308,0.486,0.49,0.558,1,2015,991
769,Country,8.52,218,116,0.455,0.676,0.316,0.145,0,2023,215
770,Pop,5.9,215,130,0.559,0.863,0.37,0.19,1,2020,89
771,Hip-Hop,15.35,250,85,0.397,0.604,0.672,0.324,1,2018,30
772,Pop,9.36,214,168,0.73,0.573,0.575,0.219,0,2020,528
773,Latin,24.04,249,122,0.674,0.709,0.445,0.328,0,2023,136
774,Latin,12.12,192,109,0.539,0.834,0.529,0.484,0,2023,221
775,Jazz,8.71,174,154,0.326,0.869,0.521,0.29,1,2017,367
776,Country,4.88,264,123,0.723,0.592,0.737,0.243,0,2022,221
777,Jazz,10.71,188,114,0.481,0.544,0.231,0.13,0,2015,41
778,EDM,101.74,205,131,0.568,0.903,0.288,0.33,0,2023,324
779,Rock,6.49,172,121,0.361,0.588,0.591,0.121,0,2021,507
780,Hip-Hop,1.09,299,101,0.572,0.932,0.564,0.148,1,2024,254
781,Jazz,38.24,141,152,0.465,0.591,0.437,0.395,0,2021,383
782,K-Pop,166.25,254,75,0.676,0.261,0.447,0.566,1,2020,440
783,Hip-Hop,17.57,126,107,0.686,0.415,0.69,0.095,0,2015,81
784,Pop,140.81,192,175,0.433,0.862,0.501,0.491,0,2016,77
785,K-Pop,9.16,243,123,0.65,0.636,0.428,0.547,0,2017,4188
786,Indie,616.14,285,72,0.675,0.57,0.483,0.491,1,2015,1084
787,Indie,0.82,199,153,0.865,0.845,0.405,0.297,0,2019,138
788,Latin,5.89,185,111,0.536,0.515,0.487,0.126,1,2019,413
789,K-Pop,18.15,219,88,0.473,0.849,0.889,0.382,0,2020,36
790,Rock,2.35,284,151,0.55,0.807,0.388,0.458,1,2021,60
791,Indie,43.56,217,152,0.688,0.763,0.707,0.653,1,2024,22
792,Pop,16.78,232,162,0.469,0.549,0.581,0.173,0,2023,227
793,Pop,5.35,181,90,0.488,0.52,0.589,0.418,0,2021,231
794,EDM,14.08,250,115,0.631,0.51,0.374,0.39,0,2020,754
795,Indie,9.96,139,111,0.369,0.785,0.488,0.051,0,2023,107
796,Indie,19.58,266,92,0.905,0.739,0.436,0.293,0,2016,735
797,Jazz,5.21,269,137,0.576,0.596,0.351,0.616,0,2020,395
798,Pop,0.27,300,152,0.813,0.474,0.851,0.146,0,2019,5936
799,Pop,27.0,269,106,0.587,0.513,0.328,0.083,0,2020,1809
800,K-Pop,6.7,185,124,0.476,0.751,0.636,0.495,1,2024,1391
