flight_id,airline,distance_miles,departure_delay_min,arrival_delay_min,ticket_price_usd,passengers,month,day_of_week,cancelled,origin_hub,weather_delay
1,JetBlue,2078,3,6,110.76,191,4,1,0,SEA,0
2,Alaska,2043,44,-6,528.46,181,11,3,1,SFO,0
3,United,1592,-4,11,407.72,55,8,7,0,JFK,0
4,United,137,2,4,227.37,71,12,2,0,DEN,0
5,United,220,1,-4,148.34,219,9,4,0,DEN,0
6,Delta,1258,55,16,493.35,110,2,3,0,ORD,1
7,Alaska,1417,-5,10,203.88,128,11,7,0,JFK,0
8,Spirit,149,0,7,346.29,126,9,4,0,JFK,0
9,JetBlue,1194,50,-4,403.26,41,6,3,0,PHX,0
10,American,390,-2,10,234.93,140,9,5,0,ORD,0
11,Alaska,613,18,4,390.43,199,11,6,0,SFO,0
12,American,559,7,3,212.62,82,11,6,0,PHX,0
13,Frontier,360,30,-6,174.72,57,8,7,0,DEN,0
14,United,546,26,-6,110.99,209,4,7,0,JFK,0
15,JetBlue,317,8,-8,402.06,164,11,1,1,JFK,0
16,Spirit,407,7,-4,197.18,149,7,1,0,SFO,0
17,JetBlue,260,-3,2,260.57,126,3,7,0,DFW,0
18,United,1799,-4,-1,278.62,48,1,5,0,LAX,0
19,Delta,442,15,11,270.21,176,4,7,0,LAX,1
20,American,1438,9,0,200.18,124,4,2,0,DEN,0
21,American,1048,19,-7,194.71,184,5,1,0,PHX,0
22,Southwest,1592,-5,11,255.06,44,4,1,0,PHX,0
23,Frontier,463,36,-5,73.56,181,9,2,1,PHX,0
24,Spirit,564,-4,-2,77.89,191,5,2,0,SFO,0
25,Frontier,721,30,2,346.51,154,5,5,0,LAX,0
26,United,250,-2,4,533.26,198,8,1,0,DFW,0
27,American,706,0,-3,325.23,124,7,7,0,DEN,0
28,Spirit,521,26,1,545.66,193,12,5,0,ORD,0
29,American,1716,4,-7,347.9,56,2,3,0,DFW,0
30,Delta,2080,13,-5,305.22,43,1,2,0,LAX,0
31,Alaska,2827,30,6,129.22,174,1,6,0,ATL,0
32,United,158,0,-8,287.13,170,1,7,0,DEN,0
33,United,1158,-3,-5,167.78,208,10,2,0,LAX,0
34,Alaska,509,7,7,124.15,188,6,1,0,LAX,0
35,Spirit,384,2,-4,335.42,99,5,6,0,SEA,0
36,Frontier,2246,19,18,273.64,117,9,4,0,DFW,0
37,Alaska,296,-5,-1,280.58,83,6,5,0,MIA,0
38,Alaska,785,8,11,212.31,205,10,2,0,DEN,0
39,Frontier,312,6,24,566.21,62,10,2,0,PHX,1
40,Spirit,95,23,1,348.34,149,12,1,0,LAX,0
41,American,199,8,9,173.85,188,12,1,0,ORD,0
42,American,105,77,20,236.47,170,5,4,0,ORD,0
43,Spirit,468,-5,-4,115.91,87,7,3,0,MIA,0
44,Frontier,237,6,24,132.29,50,5,3,0,MIA,0
45,JetBlue,1677,51,22,190.5,180,1,1,0,ORD,0
46,Southwest,1056,39,-7,268.37,176,9,4,0,ATL,0
47,Alaska,318,-1,2,250.13,218,4,1,0,ATL,0
48,American,291,21,-6,236.41,127,5,3,0,MIA,0
49,United,419,20,25,42.71,62,4,5,0,LAX,1
50,JetBlue,492,44,-4,128.1,73,6,2,0,DFW,0
51,Spirit,1767,6,-1,180.71,193,9,2,0,ATL,0
52,Delta,436,6,34,338.72,100,1,4,0,DEN,0
53,United,719,18,4,202.73,132,4,3,0,DFW,0
54,Frontier,427,98,31,254.13,51,10,6,0,LAX,1
55,JetBlue,1048,1,1,207.21,44,3,4,0,PHX,0
56,Frontier,1185,12,53,518.78,99,3,4,0,SEA,0
57,Alaska,1719,12,39,279.99,90,12,4,0,SFO,0
58,United,1394,24,-8,208.44,91,8,2,0,LAX,1
59,Alaska,96,11,0,506.17,94,8,4,0,PHX,0
60,United,196,4,37,186.68,110,7,3,0,DFW,0
61,United,785,1,17,212.13,138,10,6,0,LAX,1
62,American,803,47,-4,116.49,110,12,3,1,ATL,1
63,American,530,1,24,352.47,86,5,6,0,DFW,0
64,Southwest,1434,-1,-5,244.08,135,2,5,0,ORD,0
65,Delta,2215,19,33,321.22,166,5,6,0,ATL,0
66,Delta,383,5,-7,495.21,195,4,3,0,LAX,0
67,American,191,-2,36,601.57,210,8,2,0,ATL,1
68,United,943,2,-7,206.83,96,6,3,0,ORD,0
69,United,409,-2,-4,271.47,112,1,7,0,ATL,0
70,Spirit,120,-1,5,271.8,202,5,7,0,PHX,0
71,Alaska,836,-4,-5,281.47,185,8,6,0,SEA,0
72,JetBlue,947,11,-1,238.68,122,1,1,0,SEA,0
73,Alaska,377,2,-5,443.89,136,1,4,0,ATL,0
74,Alaska,585,-4,4,200.17,88,12,6,1,SFO,1
75,JetBlue,856,11,6,619.93,43,12,5,0,DFW,0
76,JetBlue,2151,0,-4,200.73,67,3,7,0,DFW,1
77,Spirit,1088,-2,-3,169.06,103,1,1,0,ORD,0
78,Alaska,200,43,12,165.36,46,6,7,0,ORD,1
79,Frontier,2177,-4,-7,188.67,111,5,3,0,PHX,1
80,Delta,2600,2,1,243.55,138,12,3,0,JFK,0
81,Delta,932,9,-3,108.66,179,5,6,0,LAX,0
82,JetBlue,1636,70,0,99.4,122,3,4,0,JFK,0
83,JetBlue,252,-4,19,162.36,209,2,4,0,PHX,0
84,JetBlue,686,35,50,261.61,205,1,2,0,DFW,0
85,Delta,1316,27,-5,269.77,57,2,6,0,SFO,1
86,American,818,18,-7,213.93,67,10,5,0,PHX,0
87,Alaska,367,-3,-5,259.86,77,9,2,0,DEN,0
88,Frontier,297,0,23,206.47,135,10,3,0,ORD,1
89,Frontier,837,0,24,181.98,98,5,7,0,SFO,0
90,Frontier,1218,6,-3,347.53,133,12,6,0,DEN,0
91,Alaska,265,-3,-2,268.91,199,11,5,0,ATL,0
92,Frontier,432,20,8,295.49,125,8,5,0,MIA,0
93,Alaska,4355,12,-2,243.34,89,3,6,0,ATL,0
94,Alaska,1111,25,27,267.48,162,5,7,0,ATL,0
95,United,545,-1,16,324.78,170,12,7,0,SFO,0
96,Alaska,1457,10,-1,644.08,58,7,2,0,SFO,0
97,Frontier,1200,24,46,195.6,57,12,3,0,MIA,0
98,Alaska,798,-4,12,180.66,197,2,3,0,LAX,0
99,American,812,7,13,497.35,91,3,2,0,ORD,0
100,Delta,391,14,40,178.75,111,3,5,0,SEA,0
101,Delta,1414,2,0,243.56,196,11,5,0,DFW,0
102,JetBlue,350,2,-7,181.82,184,9,1,0,LAX,0
103,American,1336,-5,63,404.61,186,11,6,0,JFK,0
104,Delta,1412,5,33,209.06,53,1,2,0,DFW,0
105,Frontier,423,9,43,160.93,55,9,3,0,JFK,0
106,Southwest,172,15,2,187.63,118,1,1,0,LAX,0
107,American,1179,-4,-5,348.92,139,12,7,0,SFO,0
108,Spirit,1241,3,-5,247.86,57,10,7,0,PHX,0
109,American,942,-1,2,244.93,140,7,2,0,ORD,0
110,Spirit,206,-2,9,307.46,79,12,6,0,SEA,0
111,Delta,844,-1,1,135.3,52,11,7,0,JFK,0
112,United,2726,2,0,306.9,112,4,5,0,ATL,0
113,Delta,2476,15,42,485.61,159,10,4,0,ORD,0
114,American,1814,4,8,393.02,103,8,2,0,DFW,0
115,Southwest,1061,-4,0,183.39,216,1,5,0,DFW,0
116,American,998,1,10,208.65,157,1,6,0,PHX,1
117,Spirit,447,-3,16,123.76,110,6,4,0,DFW,0
118,Delta,2522,-1,-1,240.1,136,5,3,0,LAX,0
119,Alaska,778,-3,2,98.98,191,5,7,0,MIA,0
120,JetBlue,1687,49,7,136.21,66,2,7,0,JFK,0
121,Spirit,528,27,7,199.23,82,2,4,0,MIA,0
122,Frontier,1087,10,-5,169.0,177,4,3,0,DFW,0
123,United,609,-1,2,322.73,52,2,4,0,MIA,0
124,American,197,-2,-4,487.08,155,4,7,0,DEN,1
125,Southwest,363,23,29,271.29,61,5,7,0,SFO,0
126,Southwest,484,-4,2,405.5,93,4,5,0,ATL,0
127,Southwest,2253,13,14,239.4,173,6,1,0,PHX,1
128,United,274,0,-7,304.6,89,12,3,0,DFW,0
129,Alaska,302,5,-1,236.72,188,3,6,0,DEN,1
130,American,371,15,-5,368.24,83,2,2,0,SEA,0
131,JetBlue,1761,-4,-1,525.8,46,1,4,0,ATL,0
132,Delta,592,-2,16,371.72,74,5,2,0,SFO,0
133,Alaska,605,11,31,113.29,133,4,3,0,DEN,0
134,Spirit,1271,33,29,141.74,114,9,3,0,DFW,0
135,American,2517,-1,-6,283.52,103,10,4,0,SEA,0
136,American,3207,-3,-3,256.52,69,1,2,0,LAX,0
137,JetBlue,2305,34,8,410.82,97,9,1,0,JFK,0
138,United,574,25,-5,220.78,188,8,1,0,ORD,0
139,Spirit,491,31,-7,165.71,80,10,1,0,ATL,0
140,Delta,587,-3,38,184.74,149,12,6,1,SFO,0
141,Delta,166,34,-2,192.4,178,12,7,0,SEA,0
142,Delta,215,8,0,263.71,109,11,6,0,DFW,0
143,Spirit,1094,11,-3,296.21,86,4,1,0,JFK,0
144,Alaska,195,4,-2,415.64,192,11,1,0,ATL,0
145,Frontier,287,2,42,135.72,71,2,4,0,DEN,0
146,American,774,-3,-5,180.59,194,3,1,0,ORD,0
147,Frontier,285,-1,2,404.59,213,10,3,0,ATL,0
148,JetBlue,424,8,7,339.13,51,9,7,0,DFW,0
149,JetBlue,430,1,-4,383.96,52,10,6,0,ORD,1
150,United,96,-3,11,347.41,51,2,7,0,LAX,0
151,JetBlue,634,14,9,149.52,216,8,3,0,MIA,0
152,JetBlue,494,6,38,557.38,154,10,4,0,SEA,0
153,Delta,553,-4,1,155.52,202,1,1,0,ORD,0
154,United,219,12,-1,284.27,57,4,6,0,SFO,0
155,JetBlue,334,25,-1,536.47,210,3,4,0,DFW,1
156,Spirit,468,17,-1,113.89,87,10,4,0,JFK,0
157,JetBlue,277,34,-7,260.79,141,2,5,0,MIA,1
158,JetBlue,439,1,-4,134.92,193,3,3,0,DFW,0
159,JetBlue,4815,-4,-6,406.62,144,3,2,0,PHX,0
160,Delta,868,14,24,141.32,218,9,7,0,PHX,0
161,Spirit,465,30,-7,156.27,138,3,4,0,ORD,0
162,Spirit,612,1,-1,301.64,176,9,4,0,ORD,0
163,American,1763,0,-4,343.61,199,4,7,0,LAX,1
164,Frontier,402,14,8,269.83,108,1,4,0,JFK,0
165,Spirit,820,15,-2,336.49,96,8,6,0,DEN,0
166,Spirit,1937,22,-8,370.11,135,10,6,0,JFK,0
167,Alaska,640,16,26,284.02,198,5,1,0,DEN,0
168,Frontier,555,3,7,209.5,92,2,2,0,LAX,0
169,Spirit,2215,3,-8,121.36,95,9,1,0,SFO,0
170,United,1509,19,9,145.33,134,7,1,0,JFK,0
171,American,1017,0,-4,387.5,83,6,2,0,ORD,0
172,Alaska,612,-3,42,286.72,101,2,5,0,MIA,0
173,Frontier,262,-1,1,219.64,99,6,3,0,PHX,0
174,Delta,3383,6,-4,188.76,206,12,6,0,LAX,0
175,American,1612,8,-8,119.65,46,7,3,0,MIA,1
176,Alaska,623,-4,-7,385.32,219,12,3,0,LAX,1
177,JetBlue,1735,0,-7,185.53,134,5,1,1,DFW,0
178,Spirit,1490,16,-8,218.56,84,5,7,0,SFO,1
179,United,408,25,4,370.58,172,12,1,0,SEA,0
180,JetBlue,532,-3,20,169.09,71,4,7,0,LAX,0
181,United,1241,6,-2,267.03,117,10,1,0,MIA,1
182,American,329,-3,-2,220.57,208,12,7,0,DFW,0
183,JetBlue,1154,14,-6,242.75,181,1,5,1,SEA,0
184,Delta,554,-2,-8,149.44,175,10,1,0,ORD,1
185,JetBlue,363,-3,37,317.47,123,7,2,0,PHX,0
186,Southwest,315,4,1,285.38,208,3,1,0,ATL,0
187,Spirit,555,-4,12,382.7,142,5,1,0,SFO,0
188,Delta,848,20,22,251.02,49,8,4,0,PHX,0
189,United,415,21,-6,128.83,47,2,6,0,LAX,0
190,Southwest,499,6,-3,220.12,91,4,2,0,SFO,0
191,Spirit,769,8,2,123.02,141,9,4,0,DFW,0
192,JetBlue,6731,-3,-3,564.44,219,11,4,0,DFW,1
193,Spirit,864,0,-7,205.01,76,2,1,0,ATL,0
194,Spirit,925,-3,26,252.25,75,8,5,0,DFW,1
195,JetBlue,664,-1,-4,273.77,188,9,7,0,ATL,1
196,JetBlue,3604,3,-7,202.82,211,12,7,0,DEN,0
197,JetBlue,137,12,0,452.92,214,3,2,0,PHX,0
198,Alaska,278,15,16,248.04,105,5,1,0,LAX,1
199,Frontier,341,4,-5,164.72,133,4,3,0,PHX,0
200,Frontier,1348,0,1,219.51,186,10,3,0,MIA,0
201,Southwest,462,20,-5,289.72,118,10,5,0,ATL,0
202,Frontier,1265,4,18,191.58,191,12,2,0,SEA,1
203,Delta,85,7,3,211.28,145,8,2,0,DEN,0
204,Alaska,861,0,5,304.29,127,8,4,0,DEN,0
205,Frontier,247,-4,13,220.8,218,11,3,0,ATL,1
206,Southwest,1344,-2,34,274.73,40,5,6,0,SEA,0
207,Delta,280,14,-6,269.24,146,5,3,0,LAX,1
208,American,354,0,20,176.73,57,1,3,0,DFW,0
209,American,220,-3,2,189.94,154,5,2,0,LAX,0
210,Frontier,272,10,7,106.56,218,1,1,0,SFO,0
211,Delta,644,5,21,446.94,78,12,3,1,MIA,0
212,Delta,495,-5,-2,283.16,50,4,3,0,MIA,0
213,Delta,370,65,23,204.15,195,7,5,0,SFO,0
214,Spirit,187,2,7,169.67,178,11,4,0,MIA,0
215,American,367,11,-3,89.75,135,12,7,0,MIA,0
216,Spirit,1555,57,30,118.39,201,11,5,0,DFW,1
217,Delta,746,10,-7,560.1,144,2,1,0,LAX,0
218,Delta,900,1,5,136.78,40,1,5,0,ORD,1
219,Spirit,2012,5,-8,198.84,182,2,6,0,PHX,0
220,Southwest,1368,-3,-7,390.34,191,7,7,0,LAX,0
221,United,1801,-2,-6,134.87,207,3,7,0,SFO,0
222,JetBlue,770,1,26,276.31,109,5,7,0,LAX,0
223,JetBlue,414,-4,4,182.97,106,1,5,0,SEA,0
224,Alaska,718,-3,-3,180.41,63,10,6,0,PHX,1
225,Southwest,725,22,-1,249.27,90,10,3,0,ORD,0
226,Spirit,133,-1,19,119.79,165,10,3,0,JFK,0
227,Delta,504,1,5,193.12,111,8,7,0,PHX,0
228,United,1570,-2,-8,238.28,83,4,4,0,JFK,0
229,Southwest,134,3,23,96.21,65,10,6,0,DEN,0
230,United,163,13,4,535.01,104,2,4,0,ATL,0
231,American,288,39,-5,482.83,40,8,5,1,JFK,0
232,United,403,7,11,119.02,163,10,2,0,MIA,0
233,Southwest,566,0,3,168.87,42,5,2,0,ATL,0
234,Spirit,2914,6,-5,489.83,145,2,4,0,JFK,0
235,Alaska,1177,-3,8,285.1,117,9,1,0,DEN,0
236,JetBlue,814,12,7,271.32,197,6,4,0,MIA,0
237,Spirit,574,1,38,382.23,142,8,6,0,MIA,1
238,American,617,38,-3,317.86,72,12,5,0,SFO,0
239,United,1361,11,4,248.68,152,12,6,0,ATL,0
240,JetBlue,1731,5,-2,172.32,60,2,2,0,DFW,1
241,Frontier,368,-1,-3,243.24,182,5,6,0,ATL,0
242,United,928,-4,3,518.56,102,11,7,0,LAX,0
243,Alaska,757,-2,11,495.92,86,3,5,0,SFO,0
244,United,1577,8,6,206.89,134,8,1,0,LAX,0
245,Delta,2119,6,-6,108.11,90,1,3,1,DFW,0
246,JetBlue,886,-5,30,217.75,72,9,6,0,LAX,1
247,Alaska,582,15,11,63.94,165,6,4,0,MIA,0
248,Spirit,188,-4,5,321.17,147,1,3,0,DFW,0
249,American,269,-4,-6,188.42,155,3,7,0,PHX,0
250,Frontier,790,14,-6,149.67,139,8,2,0,JFK,0
251,American,1724,11,-3,134.17,176,8,6,0,ORD,0
252,American,2579,-1,30,184.68,70,3,1,0,DEN,0
253,United,114,11,-6,136.29,196,10,7,0,SFO,0
254,Alaska,466,-5,8,318.39,116,8,6,0,MIA,0
255,JetBlue,800,0,8,78.76,177,6,5,0,DEN,1
256,American,1336,16,-7,316.7,176,7,4,1,PHX,0
257,Alaska,482,5,10,358.94,84,2,2,0,DFW,0
258,Frontier,522,24,2,340.62,42,1,1,0,SFO,0
259,American,758,-3,2,154.78,121,11,5,0,ORD,0
260,Spirit,146,25,-8,218.65,162,1,5,0,DEN,0
261,Alaska,486,5,26,213.47,194,3,6,0,LAX,0
262,Frontier,468,-3,6,108.21,199,7,2,0,DFW,0
263,United,888,-4,6,139.98,47,9,5,0,LAX,1
264,Frontier,944,-5,-1,328.75,185,2,7,0,ORD,0
265,Southwest,397,10,10,140.2,193,6,3,0,SEA,1
266,Alaska,657,-1,19,504.92,119,8,3,0,LAX,0
267,American,701,-3,2,305.44,99,11,1,0,SEA,0
268,JetBlue,529,9,4,143.56,162,9,3,0,DFW,0
269,American,1505,3,-4,393.19,43,10,2,0,ORD,0
270,United,575,4,-1,235.5,72,12,7,0,MIA,0
271,Southwest,3693,-3,1,453.25,70,3,1,0,LAX,0
272,Southwest,348,-1,8,257.39,200,5,4,0,SEA,0
273,Spirit,1214,-3,32,351.81,109,5,5,0,PHX,0
274,JetBlue,1592,1,-6,327.99,182,12,3,0,LAX,0
275,Alaska,271,1,3,209.62,206,11,4,0,JFK,0
276,Southwest,996,18,6,213.17,198,8,5,0,ORD,0
277,Alaska,2014,60,18,302.78,112,1,2,0,ATL,1
278,American,1071,102,20,294.45,163,11,4,0,ORD,0
279,Frontier,107,2,8,454.74,71,3,1,0,ORD,1
280,Frontier,1293,19,-5,365.05,103,6,2,0,MIA,0
281,Frontier,974,0,15,305.94,205,6,3,0,SFO,1
282,Alaska,1003,-3,5,109.67,209,4,4,0,LAX,0
283,Delta,536,10,41,380.56,92,5,6,0,MIA,0
284,Frontier,305,5,38,266.15,179,10,2,0,SEA,1
285,United,2490,9,4,193.67,202,3,2,0,PHX,0
286,American,1806,2,35,234.65,118,4,4,0,SFO,0
287,Alaska,1815,0,-8,67.85,91,10,3,0,LAX,0
288,American,552,34,29,517.66,146,10,2,0,SEA,0
289,United,814,27,42,292.76,131,1,6,0,PHX,0
290,United,1103,-3,50,599.11,135,6,4,0,LAX,0
291,American,807,11,15,868.64,154,5,2,0,LAX,1
292,Southwest,736,2,-5,64.42,144,5,1,0,LAX,0
293,JetBlue,1281,8,47,173.17,190,12,4,1,ORD,0
294,American,374,-2,0,215.16,168,4,4,0,MIA,0
295,Delta,2237,14,2,252.97,119,9,6,0,PHX,0
296,American,693,1,-8,152.74,214,11,2,0,JFK,0
297,Alaska,355,12,-2,431.65,59,11,7,0,ORD,0
298,Frontier,333,-3,-4,488.55,56,9,4,0,ATL,0
299,Frontier,172,-3,1,113.18,64,5,1,0,DEN,0
300,Delta,1029,1,-3,358.65,107,7,6,0,DEN,1
301,Spirit,362,83,1,133.18,131,3,3,0,LAX,0
302,American,725,25,-6,291.43,164,1,1,0,DEN,0
303,Spirit,808,10,38,158.31,117,1,6,0,ATL,0
304,American,77,1,8,399.98,61,3,6,0,ORD,0
305,Delta,541,-2,59,417.79,54,3,4,0,JFK,0
306,JetBlue,3361,15,-8,256.61,108,5,4,0,PHX,0
307,Delta,1148,-2,19,529.77,182,8,2,0,MIA,0
308,JetBlue,838,3,-7,202.76,155,6,5,0,SEA,1
309,Spirit,494,6,14,316.5,102,8,5,0,SFO,0
310,JetBlue,68,-4,30,309.85,214,7,3,0,SFO,0
311,Delta,720,18,-6,230.37,201,1,2,0,ATL,0
312,Alaska,791,38,39,344.21,132,10,6,0,LAX,0
313,United,303,-3,1,367.37,125,8,1,0,DEN,0
314,Delta,327,25,-2,180.26,55,1,2,0,LAX,0
315,United,433,5,16,288.79,110,5,2,0,JFK,0
316,Alaska,792,-3,21,235.82,90,3,1,0,JFK,0
317,Alaska,178,9,19,265.12,46,7,7,0,PHX,0
318,Alaska,141,35,7,537.21,153,5,2,0,LAX,0
319,Frontier,1181,42,-3,146.07,47,2,7,0,DFW,0
320,Spirit,434,14,-3,452.42,40,1,4,0,DFW,0
321,Alaska,1822,5,-4,197.27,199,10,3,0,SEA,0
322,Spirit,285,-2,-6,198.11,128,6,5,0,SEA,0
323,American,576,9,-1,199.62,163,6,1,0,SEA,0
324,United,1636,9,21,234.21,212,8,5,0,SFO,0
325,Spirit,1751,-3,75,254.84,175,9,4,0,LAX,1
326,Southwest,700,-1,10,172.99,158,2,5,0,JFK,0
327,American,260,1,-5,79.57,102,5,4,0,JFK,0
328,Spirit,151,24,9,303.34,139,5,5,0,MIA,0
329,American,614,8,-3,211.01,86,10,7,0,LAX,0
330,United,1368,-1,11,141.55,76,8,7,0,SFO,0
331,United,353,1,-4,223.03,167,9,3,0,MIA,0
332,Southwest,1212,-3,-5,231.64,102,5,4,0,MIA,0
333,American,179,-4,7,757.29,144,5,1,0,ATL,0
334,United,680,6,9,328.53,98,3,1,0,SFO,0
335,Delta,1298,-5,-5,400.87,169,6,2,0,MIA,0
336,JetBlue,1438,68,3,267.84,135,7,2,0,DEN,0
337,Alaska,823,17,24,264.14,71,3,3,0,DFW,0
338,JetBlue,466,18,9,288.04,106,2,7,0,ATL,0
339,Frontier,385,16,9,131.19,145,12,5,0,SFO,0
340,United,176,10,11,192.56,153,2,6,0,SEA,0
341,Spirit,440,-4,-2,178.0,131,9,7,0,MIA,0
342,Southwest,2171,4,-5,176.19,189,6,5,0,DFW,1
343,United,566,0,12,133.03,168,2,6,0,DFW,0
344,Southwest,705,0,17,175.65,209,5,6,0,ATL,1
345,American,825,2,26,412.63,175,7,4,0,LAX,0
346,Delta,497,1,16,107.39,56,1,6,0,SEA,0
347,American,1325,11,-2,328.95,215,11,3,0,SFO,0
348,Spirit,758,-5,1,736.73,158,8,7,0,SFO,0
349,Delta,576,2,15,721.26,183,11,6,0,DEN,0
350,Southwest,369,38,4,237.72,127,6,4,0,ATL,0
351,United,1218,-1,4,269.74,187,1,1,0,SFO,0
352,United,776,10,35,542.59,197,8,7,0,DFW,0
353,Frontier,673,7,39,160.77,200,5,1,0,LAX,1
354,United,640,5,13,537.62,128,7,5,0,MIA,1
355,United,958,-3,17,239.87,213,10,2,0,DFW,0
356,American,301,22,-3,570.36,149,4,2,1,ORD,1
357,American,290,8,6,164.5,203,2,1,0,PHX,0
358,Southwest,883,7,2,339.69,133,12,4,0,SEA,0
359,Delta,1253,40,-7,455.04,79,8,5,0,ORD,0
360,Delta,197,-4,24,254.46,66,4,4,0,JFK,0
361,Spirit,1119,5,-3,119.38,212,8,2,0,JFK,0
362,Delta,1869,13,32,395.13,113,9,3,0,ORD,0
363,United,124,19,7,344.22,191,11,7,0,LAX,0
364,American,391,-5,17,169.5,70,4,7,0,ATL,0
365,JetBlue,682,12,1,288.84,141,8,2,0,SFO,0
366,JetBlue,4661,42,-5,246.25,58,4,4,0,ORD,0
367,United,526,15,23,163.65,95,8,2,0,MIA,0
368,Spirit,484,3,15,150.47,104,1,2,0,ATL,0
369,JetBlue,849,26,13,110.51,169,2,2,0,DEN,1
370,Delta,333,27,-4,365.66,78,12,2,0,JFK,0
371,Delta,664,12,3,183.92,179,12,5,0,DFW,0
372,Southwest,589,11,-2,323.67,197,10,1,0,JFK,0
373,United,1927,1,6,405.68,207,3,2,0,DEN,0
374,Southwest,653,-1,3,161.44,180,2,6,0,ORD,0
375,Delta,4482,10,-5,233.82,128,10,2,0,PHX,0
376,American,229,-5,7,134.31,57,8,5,1,LAX,0
377,United,583,23,-7,375.26,111,10,5,0,PHX,0
378,Spirit,687,30,-7,116.33,135,12,3,0,SEA,0
379,Alaska,709,-2,-5,279.43,51,11,5,0,ORD,0
380,Southwest,219,8,5,206.78,158,9,3,0,JFK,0
381,Southwest,855,-2,13,373.03,83,9,3,1,SEA,0
382,Delta,173,5,15,236.42,105,1,2,0,JFK,0
383,Southwest,284,10,-3,659.59,92,9,6,0,LAX,0
384,Frontier,371,2,-1,232.51,99,8,7,0,DFW,0
385,Spirit,1080,29,-4,264.48,218,8,4,0,SEA,0
386,Delta,1149,28,-7,371.29,128,3,6,0,PHX,0
387,American,834,6,2,312.98,168,8,7,0,ORD,0
388,Frontier,460,8,4,165.07,144,2,2,0,PHX,0
389,Southwest,1446,-5,33,285.19,130,2,1,0,MIA,0
390,Delta,485,1,11,184.84,188,4,6,0,SEA,0
391,Delta,298,16,33,598.01,94,7,7,0,JFK,0
392,American,1277,72,-3,83.5,170,12,3,0,MIA,0
393,Southwest,105,39,11,458.32,102,4,4,0,JFK,0
394,Alaska,672,-4,6,237.49,144,2,5,0,SEA,0
395,Spirit,406,3,-3,128.29,102,5,7,1,LAX,0
396,Alaska,1077,-4,-4,126.32,68,8,5,0,SFO,0
397,American,745,22,-3,262.09,56,7,5,0,ORD,0
398,Frontier,614,15,50,135.34,152,7,4,0,ATL,1
399,Frontier,234,33,-8,310.11,171,9,5,0,SEA,0
400,American,702,5,27,200.91,101,12,5,0,LAX,0
401,American,861,-3,14,290.07,149,5,3,0,MIA,0
402,Alaska,489,8,4,116.38,151,4,5,0,SFO,0
403,Southwest,638,25,21,72.56,112,10,7,0,DEN,0
404,JetBlue,1195,-4,-7,123.57,105,11,4,1,LAX,0
405,Alaska,413,20,4,566.7,44,12,5,0,DFW,0
406,Delta,208,10,-3,444.74,185,9,2,0,LAX,0
407,Delta,1276,-3,-8,347.79,210,11,3,0,PHX,0
408,American,983,11,6,377.26,208,11,1,0,DEN,0
409,American,1174,-4,8,304.13,176,11,2,0,DFW,1
410,JetBlue,408,-2,5,760.62,147,1,1,0,SEA,0
411,United,666,-4,-1,205.78,60,6,4,0,DEN,0
412,Spirit,828,8,16,348.5,78,11,1,0,PHX,0
413,Frontier,1127,0,-2,202.22,159,3,6,0,DEN,0
414,Delta,919,0,6,307.7,213,6,6,0,SEA,1
415,Spirit,418,11,75,499.45,127,7,1,0,LAX,0
416,United,695,-3,20,183.18,183,1,6,0,LAX,0
417,American,251,10,8,99.09,195,6,5,0,LAX,1
418,Delta,755,13,9,188.55,133,8,3,0,JFK,0
419,Delta,2731,24,20,105.7,126,5,1,0,LAX,0
420,American,156,12,-5,269.44,201,5,7,0,ATL,1
421,Frontier,553,11,-6,228.73,140,7,6,0,ATL,0
422,Frontier,551,11,-4,112.24,190,8,4,0,JFK,0
423,United,751,-4,12,61.07,183,7,4,0,ORD,0
424,Frontier,503,4,14,247.41,80,3,4,0,DFW,0
425,United,252,7,-8,1326.46,135,6,6,0,JFK,0
426,Southwest,866,11,-7,215.39,74,9,5,0,ORD,0
427,Southwest,1119,0,52,181.45,130,2,2,0,JFK,1
428,JetBlue,1904,12,2,119.28,102,9,5,0,JFK,0
429,Spirit,930,3,4,349.87,187,3,5,0,ORD,0
430,JetBlue,1445,14,6,154.33,159,3,1,0,PHX,0
431,United,329,-2,42,130.78,105,10,3,0,ORD,0
432,Frontier,396,0,-5,448.26,116,2,7,0,SFO,0
433,American,143,40,7,177.89,173,3,4,0,MIA,1
434,United,1319,16,-7,261.11,117,7,3,0,ATL,0
435,Delta,579,29,3,338.22,127,3,2,0,SEA,0
436,Southwest,847,-2,1,112.64,130,1,3,0,DEN,0
437,Southwest,1263,38,-3,162.69,176,4,3,0,JFK,0
438,Spirit,1454,15,1,627.33,89,7,2,0,DFW,0
439,Alaska,434,8,10,167.25,126,6,2,0,PHX,0
440,Spirit,384,-5,20,183.31,138,12,7,0,ATL,0
441,Spirit,469,-4,15,200.91,103,12,7,0,ATL,0
442,United,283,17,5,424.96,218,10,7,0,LAX,0
443,Delta,748,12,26,567.79,76,3,7,0,DEN,0
444,United,1519,-1,10,274.87,129,1,4,0,SEA,0
445,Alaska,151,4,19,251.89,212,8,4,0,DFW,0
446,Spirit,483,11,0,198.43,70,2,7,0,DFW,0
447,Spirit,226,-5,10,373.21,111,5,2,0,ORD,0
448,United,337,12,-7,193.83,203,3,2,0,MIA,1
449,United,456,3,39,227.21,55,4,6,0,LAX,0
450,Delta,1814,-4,7,589.73,158,3,5,0,MIA,0
451,Southwest,2541,-2,21,267.11,161,3,4,0,SFO,0
452,American,1200,3,2,322.91,198,3,6,0,SEA,0
453,Alaska,721,10,-8,196.86,202,10,6,0,SFO,0
454,JetBlue,736,1,2,204.07,204,11,7,0,LAX,0
455,Spirit,1212,-3,11,106.83,101,11,4,0,ORD,0
456,Frontier,1257,21,-7,400.93,206,8,5,1,SEA,0
457,Delta,1095,5,-6,203.71,196,11,5,0,LAX,1
458,Southwest,1488,0,-7,217.73,131,1,6,0,SEA,1
459,United,394,12,-6,465.38,132,2,7,0,LAX,0
460,American,577,1,6,445.68,47,2,4,0,ATL,0
461,JetBlue,1198,2,23,181.37,143,9,5,0,PHX,0
462,Alaska,456,0,2,201.09,133,7,4,0,MIA,0
463,JetBlue,4014,2,17,92.23,197,10,6,0,LAX,0
464,Delta,1139,0,0,322.18,208,7,7,0,ORD,0
465,United,481,56,21,326.16,182,8,1,0,DEN,0
466,Spirit,2592,-1,-5,172.95,116,2,6,0,ATL,0
467,United,1242,11,5,291.32,176,10,7,0,DEN,0
468,American,369,-2,3,366.5,59,11,6,0,LAX,1
469,JetBlue,784,7,-6,150.24,203,1,4,1,ORD,0
470,Delta,349,6,-4,221.29,155,12,6,0,JFK,0
471,United,936,7,2,272.84,216,6,5,0,DEN,0
472,JetBlue,284,2,14,316.86,52,3,2,0,LAX,0
473,JetBlue,740,26,27,327.27,57,2,3,0,PHX,0
474,Southwest,631,0,12,210.19,47,3,6,0,PHX,0
475,Frontier,957,26,-3,167.46,209,4,3,0,LAX,0
476,Frontier,1079,3,-6,106.09,47,5,3,0,DEN,0
477,American,1073,11,3,211.7,99,10,3,0,ATL,0
478,Frontier,766,-5,-2,334.26,97,10,2,0,LAX,0
479,United,296,4,4,617.68,154,4,6,0,DEN,0
480,Southwest,782,11,0,385.43,155,8,3,0,JFK,0
481,American,519,0,-1,262.29,191,6,6,0,SFO,0
482,Southwest,2382,1,28,244.34,83,7,7,0,DEN,0
483,United,1164,3,9,183.63,143,4,1,1,DFW,0
484,Frontier,166,0,9,132.46,218,12,5,0,ATL,0
485,Frontier,806,9,-6,382.63,175,7,4,0,ORD,1
486,Delta,4695,-4,-1,450.62,207,5,2,0,ATL,0
487,Southwest,320,22,14,135.75,200,11,3,0,MIA,0
488,Southwest,1049,43,5,458.43,117,12,3,0,DEN,0
489,JetBlue,474,-2,1,278.83,188,2,3,0,SFO,0
490,Frontier,2425,-1,46,371.05,72,9,6,0,JFK,0
491,Alaska,390,40,-6,602.82,144,2,5,0,ATL,0
492,United,604,-2,-5,130.88,148,12,2,0,ORD,1
493,Southwest,1095,-3,4,147.81,94,2,1,0,DEN,0
494,Alaska,229,19,0,220.92,104,3,7,0,JFK,0
495,Delta,583,12,2,160.22,96,4,4,0,LAX,0
496,Frontier,1020,12,4,173.89,109,7,1,0,DFW,0
497,Southwest,107,-1,-6,386.97,181,5,1,0,MIA,0
498,American,1314,2,-3,271.78,64,7,6,0,SFO,0
499,Delta,269,-2,4,279.44,167,1,3,1,JFK,1
500,Delta,257,-2,-5,259.39,206,4,2,0,LAX,0
501,Southwest,1841,5,19,184.66,62,2,3,0,SEA,0
502,Southwest,412,12,15,277.96,210,6,7,0,SEA,0
503,JetBlue,162,1,5,231.29,142,2,7,0,PHX,0
504,United,795,5,2,391.96,184,4,4,0,PHX,0
505,JetBlue,1512,1,32,348.41,198,5,6,0,PHX,0
506,American,341,32,13,311.81,91,8,2,0,PHX,0
507,United,848,13,-7,252.61,67,5,7,1,LAX,0
508,JetBlue,668,10,-4,201.9,174,12,1,0,ATL,0
509,Frontier,286,15,-7,138.13,160,2,3,0,DFW,1
510,JetBlue,330,0,71,1091.83,57,10,1,0,DEN,0
511,Southwest,1097,35,0,245.02,173,8,6,0,ATL,0
512,JetBlue,1296,-2,-6,353.32,187,8,4,0,ATL,1
513,Southwest,718,-3,-1,381.58,164,10,6,0,DEN,0
514,Delta,64,30,51,251.17,126,1,5,0,DEN,0
515,United,3121,0,-6,232.29,41,9,4,0,SFO,0
516,Southwest,2593,23,-1,185.76,192,8,6,0,JFK,0
517,Alaska,1215,0,-3,112.12,150,1,2,0,ATL,0
518,Alaska,288,0,15,618.52,173,9,5,0,ATL,0
519,Alaska,244,42,-8,192.74,210,11,6,0,JFK,0
520,Alaska,637,45,36,147.39,196,9,1,0,SFO,0
521,JetBlue,405,44,22,521.28,48,8,5,0,ORD,0
522,Alaska,1669,-3,-1,220.97,181,11,7,0,DFW,0
523,Frontier,1482,8,27,266.24,212,10,6,0,ORD,1
524,Southwest,202,-4,0,198.75,54,7,3,0,JFK,0
525,Delta,1706,12,-3,116.96,213,6,1,0,ATL,0
526,American,553,12,0,251.67,119,5,6,0,SFO,0
527,American,386,68,18,243.48,151,6,6,0,PHX,0
528,Frontier,633,27,4,203.53,154,1,5,0,ORD,1
529,Delta,254,-1,-4,418.25,84,1,4,0,LAX,0
530,JetBlue,1784,4,-7,354.07,83,9,7,0,ATL,1
531,United,580,-1,6,503.35,48,6,5,0,PHX,0
532,United,1588,-4,18,150.95,131,3,2,0,PHX,0
533,Southwest,1570,2,21,333.68,107,9,1,0,SFO,1
534,Spirit,426,-3,18,688.04,179,3,7,0,LAX,0
535,American,726,17,3,341.29,162,9,5,0,LAX,0
536,Delta,366,2,-1,340.36,168,5,1,0,SEA,0
537,Spirit,1885,-5,48,254.35,211,1,4,1,SEA,0
538,JetBlue,446,0,30,360.19,207,11,2,0,SEA,0
539,Delta,1129,1,13,159.49,163,5,1,0,DFW,0
540,American,1478,4,0,180.37,171,10,2,0,SEA,0
541,Delta,2465,12,46,160.59,81,2,4,0,LAX,0
542,Delta,1571,18,-1,199.66,200,2,7,0,ATL,0
543,Delta,531,59,9,240.38,138,1,1,0,DEN,0
544,Southwest,2129,24,-3,531.29,150,10,4,0,LAX,0
545,JetBlue,1558,4,19,437.86,169,4,4,0,SEA,0
546,Frontier,213,-3,22,147.14,177,4,6,0,PHX,0
547,United,1601,11,3,155.68,111,5,2,0,ORD,0
548,Spirit,952,3,4,184.68,181,4,4,0,JFK,0
549,Spirit,599,3,37,180.21,100,2,4,0,DEN,0
550,JetBlue,606,1,-6,435.11,66,5,5,0,DFW,0
551,American,649,-2,2,554.54,116,8,1,0,MIA,0
552,Spirit,497,-4,3,133.93,116,6,6,0,LAX,0
553,United,927,21,17,280.81,68,5,6,0,ORD,0
554,Alaska,1574,-2,15,213.38,47,7,4,0,DFW,0
555,Southwest,285,13,6,89.4,105,1,7,0,MIA,0
556,United,149,14,-5,173.63,141,6,3,0,SEA,0
557,United,690,1,0,229.88,115,2,3,0,JFK,0
558,United,1496,7,-7,139.91,217,5,5,0,SEA,0
559,Delta,1172,14,-6,189.85,208,10,4,1,ATL,0
560,Frontier,457,-3,-4,351.36,177,4,5,0,ORD,0
561,American,547,-2,-2,260.59,192,12,3,0,JFK,0
562,Alaska,145,14,1,379.57,65,7,1,0,LAX,0
563,Southwest,1981,0,11,140.79,155,9,4,0,ATL,0
564,Frontier,463,-3,-8,125.92,193,9,5,0,DEN,0
565,Alaska,742,6,23,315.17,125,10,1,0,SEA,0
566,American,527,20,65,358.41,142,1,5,0,MIA,0
567,Delta,336,0,42,84.26,179,7,7,0,ATL,0
568,Southwest,415,0,0,189.61,193,7,1,0,ORD,0
569,Spirit,455,-2,0,463.08,52,5,7,0,DFW,1
570,Alaska,396,5,3,244.99,121,8,7,0,SFO,0
571,Frontier,1173,8,8,137.21,70,10,1,0,LAX,0
572,Delta,1200,-3,-3,112.89,56,4,5,0,ORD,1
573,Southwest,546,19,8,319.95,182,11,3,0,DFW,0
574,Southwest,735,6,-2,291.24,61,1,5,0,SEA,0
575,Frontier,2185,7,8,601.58,55,4,7,0,DEN,0
576,JetBlue,187,-3,8,120.78,163,11,6,0,PHX,0
577,Delta,2275,10,-8,156.59,200,2,6,0,MIA,0
578,American,2407,12,23,387.05,80,3,7,0,JFK,0
579,Spirit,1251,3,-5,174.12,171,4,2,0,SEA,0
580,Frontier,944,9,66,98.16,136,7,4,0,PHX,1
581,Spirit,946,-1,4,242.84,131,12,3,0,JFK,0
582,Alaska,205,10,-1,158.34,108,9,3,0,ORD,0
583,Delta,1063,6,-7,384.79,209,4,5,0,PHX,0
584,Alaska,1607,8,9,189.61,208,2,4,0,SEA,0
585,Delta,245,-1,-1,310.05,174,10,6,0,SFO,0
586,Delta,298,18,41,369.13,154,10,2,0,DEN,0
587,JetBlue,2146,21,21,275.53,63,4,5,0,JFK,0
588,JetBlue,551,-3,-6,1097.01,83,8,7,0,MIA,1
589,JetBlue,1380,25,1,278.57,107,11,4,0,ATL,0
590,JetBlue,304,17,1,576.32,179,2,5,0,MIA,0
591,Frontier,1135,7,11,153.72,43,12,6,0,PHX,0
592,Delta,1118,-4,-3,248.78,128,12,7,0,DEN,0
593,Spirit,126,6,19,433.42,42,8,4,0,ATL,0
594,Frontier,1232,4,35,234.64,193,5,3,0,SEA,0
595,American,431,-1,4,300.05,98,2,5,0,SEA,0
596,United,869,22,31,464.27,153,8,7,0,MIA,0
597,Delta,546,1,-2,287.58,48,2,2,0,PHX,0
598,Alaska,1457,8,-2,117.6,213,4,4,0,ATL,0
599,American,1631,4,11,261.52,52,2,2,1,ORD,0
600,Frontier,2079,27,1,347.11,172,6,2,0,JFK,1
601,United,1845,5,-3,286.76,150,3,7,0,LAX,0
602,United,1557,0,-2,188.48,162,7,5,0,DFW,0
603,JetBlue,597,14,19,142.69,92,6,4,0,DFW,0
604,United,581,17,8,173.42,163,1,6,0,MIA,0
605,Alaska,454,36,16,353.32,100,9,7,0,ATL,0
606,Alaska,365,16,0,261.68,172,12,1,1,DEN,1
607,American,190,-4,34,244.86,115,7,7,0,SFO,0
608,JetBlue,1077,21,25,296.88,168,1,2,0,LAX,0
609,Delta,651,5,-7,223.23,202,4,4,0,MIA,0
610,Delta,770,-3,-1,407.46,195,4,3,0,PHX,0
611,Frontier,1163,53,-7,141.49,90,6,2,0,SEA,0
612,JetBlue,688,11,-4,353.32,62,3,2,0,ATL,1
613,Spirit,496,28,31,456.35,108,2,2,0,SEA,0
614,JetBlue,570,-2,26,697.15,200,3,6,0,PHX,0
615,United,414,17,-7,314.24,118,4,3,0,PHX,0
616,Spirit,1503,9,-7,121.33,104,8,3,0,LAX,0
617,United,226,2,8,1052.28,155,11,5,0,JFK,0
618,American,946,-1,-4,580.85,132,12,1,0,ATL,1
619,JetBlue,727,1,-8,609.85,63,8,5,0,LAX,0
620,Frontier,224,6,19,198.23,48,1,1,0,DEN,0
621,Delta,573,15,-1,275.03,202,12,2,0,MIA,0
622,American,1103,4,0,246.58,100,9,4,0,DEN,0
623,Delta,570,2,-6,209.5,183,4,2,0,JFK,0
624,Spirit,359,-5,2,154.74,111,4,3,0,PHX,0
625,Delta,694,40,14,397.18,111,12,7,0,DFW,0
626,American,210,17,-3,491.28,62,12,1,0,MIA,0
627,Frontier,424,77,18,455.63,211,4,7,0,SEA,0
628,Delta,266,33,8,176.07,130,7,7,0,MIA,0
629,JetBlue,810,25,0,177.42,102,2,7,0,PHX,0
630,Spirit,1575,-4,3,370.42,50,7,2,0,JFK,0
631,Alaska,940,9,-6,403.38,126,10,1,0,SEA,0
632,JetBlue,2608,-1,26,298.54,120,11,5,0,ATL,0
633,Frontier,1544,27,26,195.51,114,2,3,0,ATL,0
634,American,329,21,-1,446.68,47,3,3,0,PHX,1
635,Delta,566,-2,8,483.64,129,11,6,0,DEN,1
636,Delta,916,18,14,359.42,216,11,6,0,ATL,0
637,United,370,60,18,187.09,47,5,7,0,SFO,0
638,Southwest,970,2,11,171.81,154,1,6,0,DEN,0
639,American,923,2,2,495.45,73,11,4,0,ATL,0
640,Alaska,840,-5,10,208.1,71,8,2,0,ATL,0
641,Delta,621,14,36,212.76,116,6,3,0,JFK,0
642,American,299,21,2,308.61,139,4,7,0,JFK,0
643,United,921,-4,-7,201.9,121,3,6,0,JFK,0
644,Frontier,707,39,17,396.37,116,7,4,0,MIA,0
645,Frontier,367,-4,11,259.59,133,12,3,0,SFO,0
646,Frontier,697,8,-3,190.25,166,6,5,0,SFO,0
647,American,499,34,5,263.0,102,9,2,0,ATL,0
648,JetBlue,989,35,-7,165.0,92,2,2,0,SEA,1
649,Delta,994,-3,2,186.26,138,6,6,0,JFK,0
650,United,436,48,0,198.69,106,10,1,0,LAX,0
651,JetBlue,639,0,-4,412.26,197,1,6,0,JFK,0
652,Southwest,453,1,-5,339.62,98,4,7,0,MIA,0
653,Frontier,2111,12,-2,132.38,151,4,4,0,DEN,1
654,Southwest,510,-3,33,218.23,192,9,5,0,SFO,0
655,American,841,6,3,148.23,200,9,1,0,DFW,0
656,Delta,2825,20,-5,175.84,55,8,5,1,ORD,0
657,Southwest,88,5,19,202.6,88,8,1,0,DFW,0
658,United,1113,-4,-3,299.22,42,11,7,0,SFO,0
659,Delta,1002,20,16,296.85,68,5,1,0,JFK,0
660,Alaska,407,-1,-8,128.51,53,11,2,0,DFW,1
661,United,221,20,31,132.47,100,3,5,0,DEN,0
662,Frontier,465,37,3,200.11,156,10,4,0,ATL,0
663,Frontier,535,16,14,294.17,68,5,4,0,SFO,0
664,Frontier,868,-4,-2,249.0,188,10,1,0,LAX,0
665,United,221,11,20,95.27,173,7,1,0,ATL,0
666,United,306,0,10,329.0,191,8,5,0,DEN,0
667,Frontier,455,-2,-7,111.11,67,8,2,0,DEN,0
668,Spirit,3357,16,-7,329.25,162,2,2,0,SFO,0
669,Alaska,492,0,-1,365.08,145,7,5,0,JFK,0
670,Frontier,349,-3,-7,666.29,61,4,5,0,PHX,0
671,Southwest,1254,-2,-7,328.83,63,4,2,0,PHX,1
672,American,180,12,-1,732.13,143,9,1,0,DEN,0
673,Southwest,331,4,-4,663.49,57,7,2,0,LAX,0
674,Southwest,136,-1,-2,240.99,195,12,3,0,ORD,0
675,Spirit,618,-4,0,229.72,96,5,3,0,SFO,0
676,American,418,37,-7,692.85,113,5,5,0,MIA,0
677,JetBlue,1925,85,6,468.17,40,7,3,0,MIA,0
678,United,780,3,-2,639.61,140,12,4,0,SFO,0
679,Alaska,632,-1,13,254.05,65,9,3,0,SFO,0
680,JetBlue,298,-4,63,149.88,129,6,6,0,SEA,0
681,United,539,1,-1,204.22,72,10,2,0,LAX,0
682,JetBlue,1388,8,12,253.32,164,7,3,0,ATL,0
683,United,309,6,-3,194.1,112,4,1,0,PHX,0
684,Frontier,1330,3,17,110.07,57,9,5,0,PHX,0
685,American,266,2,9,242.65,159,8,1,0,PHX,0
686,Spirit,558,52,-4,300.95,125,9,3,0,DFW,0
687,American,1186,5,1,120.52,49,5,7,1,DFW,0
688,Alaska,1087,-5,17,312.19,181,11,1,0,DFW,0
689,Frontier,331,13,11,208.7,115,12,7,0,LAX,0
690,American,416,8,-8,314.0,135,1,4,0,SFO,0
691,Delta,623,-2,-8,595.43,78,8,1,0,MIA,0
692,Alaska,2696,13,13,137.37,203,12,4,0,DEN,0
693,Alaska,2603,-5,1,97.84,90,8,2,0,SEA,1
694,Frontier,1657,14,3,290.01,217,7,6,1,PHX,1
695,United,1346,-3,42,207.75,150,7,1,0,JFK,0
696,Spirit,224,58,-6,323.83,182,5,3,0,DFW,0
697,American,1766,6,-8,173.82,98,8,2,0,PHX,0
698,JetBlue,280,-5,-5,362.31,200,3,5,0,LAX,0
699,Delta,304,22,11,164.27,107,11,5,0,SEA,1
700,Alaska,871,21,-5,236.29,90,5,7,0,ATL,0
701,Delta,669,17,3,314.91,170,10,3,0,DFW,0
702,Alaska,655,7,21,240.19,129,10,6,0,SEA,0
703,American,243,-1,20,417.21,159,9,4,0,SFO,0
704,Southwest,491,10,-4,457.45,140,11,1,0,ATL,0
705,American,237,23,26,352.62,201,8,5,0,DEN,0
706,Alaska,1653,5,68,351.19,81,9,1,0,LAX,0
707,Spirit,140,-4,47,251.81,48,8,6,0,LAX,1
708,Spirit,1064,50,25,140.76,147,6,6,0,LAX,0
709,Southwest,486,12,-7,451.78,53,7,2,0,DEN,0
710,American,223,55,7,82.66,136,12,1,0,MIA,0
711,United,1040,-2,1,77.43,141,6,7,0,ATL,0
712,JetBlue,1191,-2,-3,250.31,172,2,5,0,SFO,1
713,Frontier,529,-3,-2,182.33,150,1,7,0,ATL,0
714,Alaska,2050,-1,35,248.12,131,1,4,0,DFW,0
715,Alaska,378,-3,38,168.13,72,12,6,0,PHX,0
716,Spirit,1854,0,-6,322.16,120,7,5,0,LAX,0
717,Southwest,1707,8,-5,193.47,124,8,3,0,SEA,0
718,Southwest,166,21,30,222.84,46,1,5,0,SFO,0
719,Spirit,4331,-3,6,201.04,79,12,1,0,SFO,0
720,Delta,786,-2,10,571.12,202,1,1,0,LAX,0
721,Southwest,992,0,-2,114.59,47,7,4,0,PHX,0
722,United,233,1,-4,512.19,154,11,5,0,SFO,0
723,JetBlue,2882,28,1,145.62,81,12,2,0,PHX,0
724,Southwest,627,-1,-2,125.56,159,5,6,0,DFW,0
725,Delta,415,-3,35,176.83,172,9,7,0,DEN,0
726,Alaska,778,26,-5,191.83,44,9,2,0,DEN,0
727,JetBlue,544,27,64,312.67,211,7,6,1,ORD,1
728,Frontier,1018,18,28,135.44,165,12,6,0,LAX,1
729,Southwest,284,2,5,168.58,129,7,2,0,MIA,0
730,United,1772,32,-2,450.97,104,2,3,0,ORD,0
731,United,2035,4,11,228.11,120,2,6,0,ATL,0
732,JetBlue,890,19,2,142.53,122,10,2,0,PHX,0
733,Delta,1084,4,-1,487.71,169,11,7,0,SEA,1
734,United,253,5,-2,183.74,96,1,6,0,LAX,0
735,Frontier,270,25,-7,134.65,217,7,3,0,DEN,0
736,American,638,-5,1,120.05,219,5,2,0,DFW,0
737,American,308,0,-4,255.48,178,1,6,0,SFO,1
738,Frontier,62,10,-8,375.01,69,7,4,0,SFO,0
739,Southwest,978,33,-4,126.61,213,7,5,0,MIA,0
740,United,2441,-5,-4,206.44,161,10,7,0,DEN,0
741,American,1013,4,-3,583.03,182,3,3,0,DFW,0
742,Southwest,656,6,36,216.89,99,3,1,0,JFK,0
743,Southwest,1680,106,26,304.89,126,4,3,0,JFK,0
744,Southwest,896,13,-8,233.49,179,7,7,0,LAX,0
745,Delta,348,-3,-4,460.49,130,7,7,0,ORD,0
746,Southwest,302,7,1,360.46,45,11,5,0,ORD,1
747,Delta,286,-2,-3,315.12,44,8,3,0,LAX,0
748,American,483,14,0,165.4,213,9,6,0,DFW,0
749,Frontier,1222,2,19,912.01,205,5,6,0,DFW,1
750,Southwest,909,11,5,128.81,202,10,3,0,PHX,0
751,American,2071,29,0,289.81,103,11,5,0,SEA,0
752,United,577,19,2,280.45,173,8,2,0,ATL,1
753,Frontier,365,19,-3,257.8,53,1,6,0,LAX,0
754,Frontier,1530,0,-4,471.46,91,11,6,0,LAX,0
755,Delta,440,8,-4,164.19,217,2,5,0,MIA,0
756,Spirit,892,-2,16,277.05,56,8,4,0,ATL,1
757,Frontier,1064,-1,-5,182.86,176,8,7,0,ATL,0
758,Spirit,3650,13,28,328.85,207,9,2,0,DFW,0
759,American,456,3,1,211.69,75,12,6,0,JFK,0
760,Southwest,1698,28,3,190.74,113,7,7,0,MIA,0
761,American,581,5,6,182.09,130,8,3,0,PHX,0
762,Southwest,1791,-4,-3,86.62,88,2,6,0,SFO,1
763,JetBlue,502,3,26,232.85,219,8,6,0,PHX,0
764,Alaska,1104,-3,6,147.56,70,12,6,0,MIA,0
765,Delta,5141,73,26,95.45,117,3,5,0,ORD,1
766,United,236,-5,3,264.14,147,10,4,0,LAX,0
767,American,1447,7,-7,122.78,132,4,4,0,ATL,0
768,Spirit,1799,2,-8,566.62,142,12,7,0,SEA,1
769,Alaska,467,9,-2,147.64,214,7,1,1,DFW,0
770,American,2315,7,20,399.05,115,7,4,0,SFO,0
771,JetBlue,259,33,-3,504.74,136,6,1,0,ATL,0
772,Southwest,1305,-2,2,328.16,161,1,4,0,JFK,0
773,United,896,-3,-5,127.18,133,9,5,0,MIA,1
774,Southwest,1368,26,13,661.25,61,3,3,0,LAX,1
775,Southwest,601,35,9,385.64,69,10,7,0,SFO,0
776,American,1469,2,27,361.99,199,4,2,0,SFO,1
777,American,1573,42,-1,163.09,205,2,4,0,SEA,0
778,American,149,1,55,208.92,169,5,4,0,LAX,0
779,Frontier,476,8,24,116.8,160,6,1,0,DEN,0
780,Alaska,703,11,1,126.58,103,11,3,0,ATL,0
781,Delta,547,72,22,496.61,217,6,5,0,SEA,1
782,Delta,1019,-2,0,353.19,195,11,5,0,JFK,0
783,American,147,0,15,176.35,42,1,3,0,ATL,0
784,Southwest,528,7,-1,232.84,187,4,5,0,LAX,0
785,United,799,-1,-4,483.86,138,10,2,0,PHX,0
786,United,786,8,12,416.48,58,4,6,0,ORD,0
787,Southwest,280,18,42,146.85,173,3,5,0,JFK,1
788,Frontier,3414,27,11,174.25,84,7,2,0,ATL,0
789,Alaska,323,1,48,256.53,109,4,4,0,DEN,0
790,Spirit,782,-2,30,374.02,117,7,5,0,DFW,0
791,Frontier,449,12,0,140.53,53,3,6,0,JFK,0
792,JetBlue,1386,12,3,129.5,164,4,5,0,SFO,0
793,Southwest,2108,4,-5,183.62,120,3,2,0,LAX,0
794,United,887,9,1,111.73,117,4,4,0,SEA,1
795,JetBlue,1026,19,14,264.6,70,12,6,0,DFW,0
796,Alaska,447,15,3,109.1,84,10,7,0,DFW,0
797,Alaska,389,12,46,588.17,108,4,4,0,ORD,0
798,JetBlue,104,11,-6,136.02,119,12,1,0,MIA,0
799,Frontier,349,14,3,115.43,59,4,4,0,DEN,0
800,United,331,9,3,446.56,215,3,6,0,ORD,1
801,JetBlue,908,-4,-6,279.53,189,11,3,0,SFO,0
802,Alaska,242,8,16,168.92,207,6,7,0,SEA,0
803,Delta,375,28,18,287.48,217,12,1,0,DFW,0
804,American,1526,-4,26,515.64,217,5,6,0,MIA,0
805,Alaska,295,3,33,294.63,48,6,4,0,DEN,0
806,Alaska,272,2,13,402.15,141,12,6,0,SFO,0
807,JetBlue,2757,-1,20,117.55,118,7,2,0,MIA,0
808,JetBlue,3081,8,-7,306.18,219,4,6,0,SFO,1
809,Delta,595,-2,-1,215.24,85,11,7,0,LAX,0
810,Delta,1288,32,-3,279.06,117,9,7,0,PHX,0
811,Frontier,1097,-2,16,222.74,176,1,3,0,ATL,0
812,Frontier,1122,45,-2,127.31,200,12,1,0,ORD,0
813,Southwest,470,-5,2,273.8,96,8,5,0,SFO,0
814,Spirit,815,5,0,390.59,198,2,7,0,LAX,0
815,United,803,-4,13,189.37,78,3,6,0,MIA,0
816,Frontier,977,26,5,451.06,136,2,2,0,DFW,0
817,Southwest,739,19,0,222.81,152,10,3,0,MIA,0
818,Alaska,853,-1,-6,511.41,121,6,2,0,PHX,0
819,Frontier,442,-3,-5,245.38,155,5,6,0,JFK,0
820,United,398,-1,11,321.37,115,7,1,0,PHX,0
821,Spirit,1375,-4,-7,206.31,103,9,3,0,PHX,0
822,Delta,622,-1,1,268.45,157,7,1,0,DFW,0
823,American,413,-4,12,234.69,66,11,1,0,ATL,0
824,United,4425,24,-1,137.51,144,9,4,0,PHX,1
825,United,3847,24,8,319.63,48,5,2,0,MIA,0
826,Frontier,254,7,14,269.29,216,3,7,0,DFW,0
827,Frontier,547,33,24,523.14,102,3,4,0,ORD,0
828,Delta,2139,1,-4,168.71,152,4,7,0,ATL,0
829,JetBlue,337,-2,10,71.63,189,12,4,0,DEN,0
830,Southwest,348,0,4,539.96,41,2,2,0,SFO,0
831,Frontier,758,-3,1,166.66,206,3,3,0,DFW,0
832,American,1133,21,0,255.36,151,11,2,0,PHX,0
833,Alaska,299,16,23,104.36,190,9,5,0,JFK,0
834,Spirit,1322,-2,-5,182.27,101,9,3,0,DFW,0
835,United,2318,7,15,302.2,52,12,4,0,MIA,0
836,JetBlue,342,0,-7,152.16,160,8,1,0,SFO,1
837,Delta,443,-3,4,173.27,148,2,1,0,JFK,0
838,United,1135,-1,-5,95.35,86,12,4,0,DEN,1
839,JetBlue,415,9,1,528.8,187,9,3,0,DEN,0
840,Alaska,115,11,2,139.85,52,5,6,0,DEN,0
841,Southwest,581,-2,12,122.41,194,8,5,0,LAX,0
842,Frontier,524,17,-4,70.92,145,6,3,0,ATL,0
843,Delta,297,8,-3,154.1,198,2,7,0,SFO,0
844,JetBlue,1423,3,2,409.95,129,1,2,0,MIA,0
845,Spirit,565,11,13,425.17,61,4,5,0,JFK,0
846,JetBlue,1599,1,4,199.34,71,4,2,0,ORD,0
847,United,126,0,16,120.22,103,7,7,0,SFO,0
848,Alaska,100,34,8,201.1,61,2,3,0,DFW,0
849,Alaska,1227,29,30,212.11,86,4,4,0,JFK,0
850,Spirit,194,5,9,326.96,40,10,4,0,MIA,0
851,Southwest,250,9,-2,258.26,210,11,2,0,PHX,0
852,Alaska,281,11,-6,511.32,126,1,5,0,SEA,1
853,Spirit,2863,11,10,144.13,77,7,2,0,JFK,0
854,Spirit,1152,6,53,126.99,208,11,5,0,PHX,1
855,Delta,152,1,2,222.16,181,3,1,0,LAX,0
856,Delta,496,28,-6,233.16,146,12,3,0,DEN,0
857,Southwest,614,7,-2,366.23,42,8,7,0,SEA,0
858,American,232,31,0,242.24,104,12,4,0,JFK,0
859,United,500,21,-6,218.34,83,1,4,0,SEA,0
860,Spirit,313,11,-2,478.89,55,12,6,0,MIA,0
861,JetBlue,2234,14,16,112.82,175,1,5,0,DEN,0
862,Spirit,581,31,-2,750.73,124,9,6,0,PHX,0
863,United,181,10,91,283.39,101,5,1,0,ORD,0
864,Spirit,754,4,-3,93.92,41,11,4,0,SFO,0
865,Frontier,935,4,-6,212.19,115,4,6,0,SEA,0
866,Frontier,365,54,15,77.23,125,4,6,0,DEN,0
867,Southwest,1005,16,-6,164.49,95,8,2,0,ORD,0
868,JetBlue,689,12,-7,177.2,184,9,7,0,MIA,0
869,Frontier,423,-3,0,785.02,46,7,2,0,DFW,0
870,American,525,8,27,225.62,124,8,6,0,DFW,0
871,Alaska,609,-2,5,233.57,73,2,4,0,MIA,0
872,Southwest,58,2,29,138.79,99,10,5,0,SEA,1
873,United,580,7,23,707.48,61,7,3,0,DEN,0
874,JetBlue,1401,-5,-7,302.27,189,4,1,1,PHX,0
875,Delta,499,25,-7,156.27,188,8,6,0,DEN,0
876,JetBlue,1471,4,-3,164.85,167,10,6,0,ATL,1
877,JetBlue,232,10,24,135.32,52,8,6,0,ATL,0
878,Southwest,182,-2,3,256.0,166,10,3,0,MIA,0
879,American,204,13,40,164.61,83,2,1,0,ATL,0
880,JetBlue,771,1,-3,186.45,198,9,4,0,ORD,0
881,Alaska,920,6,1,430.07,64,6,7,0,SFO,0
882,JetBlue,236,1,-8,157.07,135,11,6,0,ORD,0
883,Frontier,750,11,23,247.69,94,5,5,0,DEN,0
884,Spirit,525,23,-5,180.05,68,9,2,0,PHX,0
885,Spirit,503,10,57,244.26,74,3,6,0,ORD,0
886,Frontier,431,-2,-3,226.85,115,5,7,0,DFW,0
887,American,752,-1,36,203.26,119,5,6,0,JFK,0
888,Frontier,111,6,9,442.3,112,8,2,0,SFO,0
889,Frontier,135,0,5,408.19,115,9,2,0,ORD,0
890,American,559,-2,-6,103.63,129,12,6,0,MIA,1
891,Frontier,1161,-4,-6,66.09,182,9,5,0,ORD,0
892,Alaska,808,-3,-3,449.52,107,5,6,0,DEN,0
893,Frontier,1302,7,-1,228.2,88,2,3,0,LAX,0
894,JetBlue,1052,-2,6,248.92,215,10,4,0,SEA,0
895,Delta,99,5,-5,486.78,83,6,7,0,DEN,1
896,Delta,304,10,10,155.41,77,4,5,0,ATL,1
897,Delta,3269,-1,-7,253.66,151,9,6,1,SFO,0
898,Southwest,452,40,22,245.86,51,8,4,0,MIA,0
899,Frontier,2017,-1,23,426.69,99,6,4,0,LAX,0
900,Southwest,100,-2,26,249.1,205,2,7,0,ORD,0
901,Delta,258,4,0,205.68,133,3,7,0,MIA,0
902,Delta,574,4,-6,179.3,54,2,3,0,DFW,0
903,Delta,1123,24,3,299.61,75,6,2,0,ORD,0
904,American,211,-4,13,198.73,108,4,1,0,DEN,0
905,Spirit,640,0,-3,102.15,129,1,5,0,DEN,0
906,United,624,27,8,255.85,210,9,5,1,PHX,0
907,Southwest,1227,16,-8,64.81,58,6,7,0,LAX,0
908,Spirit,595,-5,17,433.99,117,2,5,0,ATL,0
909,Southwest,280,6,-4,144.85,130,3,4,0,PHX,0
910,Southwest,667,-1,29,304.41,159,8,3,0,ATL,0
911,United,2144,62,4,370.26,205,9,5,0,PHX,0
912,JetBlue,338,57,-1,369.34,65,9,4,0,SFO,0
913,Southwest,636,34,12,599.25,145,5,7,0,LAX,0
914,JetBlue,309,-5,-2,197.58,145,4,6,0,PHX,0
915,Frontier,1979,30,11,309.07,216,5,3,0,JFK,1
916,American,385,1,-2,247.52,100,12,1,0,SFO,0
917,Spirit,1501,10,20,244.0,105,1,3,0,ATL,0
918,Delta,990,4,52,262.93,179,3,2,0,LAX,0
919,Delta,135,2,8,156.76,143,11,1,0,SEA,0
920,American,1063,0,4,337.71,75,9,6,0,DFW,0
921,Delta,391,3,1,198.45,107,12,1,0,ORD,0
922,American,628,0,32,440.72,198,8,6,0,ORD,0
923,Delta,299,34,1,247.64,80,4,1,0,DEN,0
924,Frontier,6448,4,17,269.48,195,1,4,0,SFO,0
925,American,899,38,-8,333.72,214,3,6,0,ORD,0
926,Frontier,1441,2,25,198.83,68,4,1,0,JFK,1
927,American,492,0,-1,102.13,54,4,7,0,SFO,0
928,Delta,592,20,-3,503.42,124,1,4,0,MIA,0
929,JetBlue,142,6,-6,458.86,181,6,2,0,SFO,0
930,Southwest,855,-2,-7,222.16,183,11,1,0,ATL,0
931,Southwest,230,34,24,184.96,67,11,5,0,SEA,0
932,Spirit,405,44,-2,87.54,75,12,4,0,DFW,0
933,United,372,12,46,299.93,177,9,4,0,SFO,0
934,Alaska,171,49,0,131.73,214,8,3,0,JFK,0
935,Alaska,454,12,36,284.07,176,2,6,0,DFW,0
936,United,1270,10,8,234.7,53,7,1,0,ORD,0
937,Delta,217,21,-5,216.52,165,3,1,0,DEN,0
938,Southwest,925,-4,-3,218.94,122,6,7,0,ATL,1
939,Alaska,657,4,34,248.52,96,2,3,0,PHX,0
940,United,609,3,0,110.55,116,8,6,0,PHX,0
941,Southwest,126,10,-7,450.22,162,4,6,0,SFO,0
942,Spirit,380,1,-2,184.52,218,6,4,0,DFW,0
943,American,2658,4,23,208.58,140,3,4,0,ORD,0
944,JetBlue,368,23,82,141.18,78,1,3,0,LAX,0
945,American,958,39,-8,296.97,91,2,2,1,SFO,0
946,United,422,5,2,264.85,102,10,4,0,ATL,1
947,Frontier,225,13,-4,85.49,100,8,7,0,ATL,0
948,United,387,7,52,339.25,106,12,7,0,PHX,0
949,Frontier,1927,25,-1,540.47,110,6,1,0,SEA,0
950,Delta,1673,0,33,224.79,67,12,2,0,LAX,0
951,JetBlue,217,25,6,104.63,53,4,5,0,SEA,0
952,Alaska,393,6,25,179.14,204,9,3,0,DFW,0
953,Spirit,242,4,37,135.84,151,7,4,0,ORD,0
954,Spirit,433,41,-6,323.12,219,1,4,0,SFO,0
955,JetBlue,1059,0,-5,210.7,61,6,3,0,JFK,0
956,Southwest,780,-4,-3,265.21,40,4,6,0,DEN,0
957,Frontier,1826,12,3,509.85,93,6,6,0,SFO,0
958,Delta,4602,0,-4,290.67,213,11,7,0,MIA,1
959,JetBlue,809,10,33,134.4,151,8,4,0,MIA,0
960,United,1372,-4,-5,207.22,124,9,4,0,DFW,0
961,American,3403,7,-5,232.24,107,3,7,0,ATL,0
962,American,306,-1,-6,141.39,166,2,6,0,DEN,0
963,Spirit,1998,-4,1,374.18,174,10,7,0,PHX,0
964,Alaska,422,-4,-7,350.7,140,7,6,0,ATL,0
965,JetBlue,1103,42,9,136.43,110,7,1,0,SFO,0
966,American,350,0,-4,201.23,105,3,1,0,ORD,1
967,United,2204,8,33,341.46,168,5,4,0,SEA,0
968,Frontier,939,5,-5,293.84,170,10,4,0,LAX,0
969,Spirit,612,2,-7,279.13,40,8,7,0,PHX,0
970,Southwest,651,7,0,154.12,74,3,4,0,ATL,0
971,United,6126,7,-4,171.53,55,8,7,0,ORD,1
972,Spirit,636,22,22,131.0,175,3,6,0,DEN,0
973,JetBlue,177,2,3,177.64,188,4,4,0,DFW,0
974,Spirit,442,2,2,151.43,44,3,2,0,LAX,0
975,Alaska,1502,12,15,878.67,95,5,1,0,DEN,0
976,Frontier,2960,2,8,447.9,70,12,7,1,ORD,0
977,Spirit,1162,6,-8,386.73,129,8,4,0,MIA,0
978,United,190,-2,9,462.12,40,5,4,0,SFO,0
979,United,375,0,11,453.72,180,7,1,0,LAX,0
980,American,470,-2,-5,160.22,71,4,6,0,DEN,0
981,Alaska,838,23,11,349.64,123,12,7,0,PHX,0
982,Southwest,678,19,68,225.0,90,10,6,1,LAX,0
983,Frontier,1421,2,-3,136.29,131,2,5,0,ORD,1
984,Frontier,371,4,-7,314.91,174,6,4,0,SEA,0
985,Alaska,627,3,20,287.68,163,12,3,0,ORD,0
986,Frontier,394,-2,-5,195.19,97,5,2,0,SEA,0
987,Delta,831,18,15,284.23,71,8,6,0,LAX,0
988,JetBlue,352,21,0,245.31,57,8,5,1,DEN,0
989,JetBlue,908,9,27,244.65,213,1,5,0,SFO,0
990,United,1144,15,35,499.14,148,11,7,0,ATL,0
991,American,1025,11,0,408.39,47,12,1,0,SFO,1
992,American,462,-3,51,70.39,123,8,6,0,PHX,0
993,JetBlue,1960,7,-8,129.77,65,3,7,0,LAX,1
994,Alaska,780,1,5,217.62,57,2,2,0,JFK,0
995,Delta,1513,-1,12,488.07,85,11,3,0,LAX,0
996,Delta,3411,11,0,71.26,164,10,2,0,SFO,0
997,Southwest,2558,28,8,240.24,169,4,5,0,ATL,0
998,United,499,127,-2,301.99,214,10,5,0,ORD,0
999,JetBlue,1758,8,-7,203.75,88,8,7,0,JFK,1
1000,Frontier,4463,12,19,171.39,127,5,2,0,SFO,0
1001,Alaska,3346,11,-3,148.2,47,11,1,0,SEA,0
1002,Delta,258,13,-5,104.46,61,7,1,0,DEN,0
1003,Spirit,466,-1,-5,385.4,137,8,5,0,DFW,0
1004,Delta,1460,-2,18,241.49,138,3,3,0,MIA,0
1005,American,1676,3,-7,498.75,192,7,5,0,ORD,0
1006,Southwest,1104,4,2,334.77,117,7,2,0,PHX,0
1007,JetBlue,827,17,-5,156.22,211,9,4,0,ATL,0
1008,Southwest,2359,10,8,134.82,196,3,7,0,JFK,0
1009,Frontier,538,7,16,519.14,46,6,4,0,DFW,0
1010,Delta,974,5,4,604.89,167,7,3,0,SFO,0
1011,Southwest,770,-1,6,374.01,64,9,3,0,SEA,0
1012,Spirit,298,2,7,229.83,47,12,3,0,ORD,0
1013,Delta,1018,-3,5,175.35,170,4,7,0,SFO,0
1014,Alaska,362,-4,-4,595.25,70,4,7,0,PHX,0
1015,American,1891,-5,8,269.94,107,12,1,0,LAX,0
1016,Alaska,333,-4,14,139.44,71,11,7,0,LAX,0
1017,United,310,9,18,199.92,174,5,5,0,LAX,0
1018,Spirit,573,48,-7,112.26,181,10,2,0,LAX,1
1019,Frontier,1856,-5,0,230.46,201,12,5,0,PHX,0
1020,Frontier,531,18,-1,318.73,51,5,7,0,LAX,0
1021,JetBlue,655,11,31,316.82,76,1,2,0,SFO,1
1022,United,1052,24,8,161.31,66,12,7,0,SEA,0
1023,Frontier,505,39,2,288.86,124,8,7,0,DEN,0
1024,Southwest,78,20,40,345.63,160,8,4,0,SFO,0
1025,Delta,633,19,-5,204.91,116,9,7,0,MIA,0
1026,United,565,-4,-1,294.17,128,3,5,0,ORD,0
1027,American,475,2,7,172.85,73,12,2,0,MIA,0
1028,Spirit,628,9,3,140.62,81,12,2,0,JFK,0
1029,Alaska,625,-5,5,382.01,103,6,4,0,MIA,1
1030,Southwest,436,5,14,169.19,87,11,6,0,SFO,0
1031,Southwest,568,-5,10,480.14,56,10,5,0,LAX,0
1032,Spirit,1046,15,8,261.37,188,9,5,0,LAX,0
1033,United,1871,0,11,233.9,54,4,1,0,ATL,0
1034,Southwest,421,16,15,343.93,65,9,5,0,DFW,0
1035,JetBlue,1634,5,-4,217.26,200,6,4,0,JFK,0
1036,United,954,-3,9,233.02,138,4,2,0,ORD,0
1037,United,217,33,8,311.36,129,6,4,0,JFK,0
1038,Alaska,1001,13,10,169.82,179,6,4,0,LAX,0
1039,American,858,14,-4,528.87,61,4,4,0,ATL,0
1040,Spirit,1084,-1,-3,442.24,137,10,5,0,DFW,0
1041,Southwest,405,-3,14,343.98,136,5,3,0,ATL,0
1042,Frontier,233,41,-1,122.52,113,1,4,0,SFO,1
1043,American,156,1,30,385.72,212,9,2,0,SFO,1
1044,Southwest,831,-1,-6,363.2,174,11,1,0,ATL,0
1045,United,1353,27,-5,198.45,67,11,5,0,SEA,0
1046,Spirit,1046,4,-5,383.34,79,7,3,0,SFO,0
1047,Southwest,1110,11,-3,262.85,133,5,7,0,DFW,0
1048,Spirit,2308,0,27,111.39,89,5,3,0,ORD,1
1049,Spirit,964,47,-1,186.83,153,6,4,0,MIA,0
1050,American,577,5,1,381.07,148,11,7,1,SFO,0
1051,Spirit,2942,3,0,276.69,133,8,2,0,JFK,0
1052,United,457,-4,17,99.43,49,11,7,0,LAX,0
1053,Alaska,380,13,-1,246.04,64,3,7,0,LAX,0
1054,Southwest,1817,7,19,213.71,179,8,1,1,DFW,0
1055,American,158,46,2,116.51,158,3,3,0,LAX,0
1056,Spirit,309,-3,-4,195.45,40,10,5,0,SEA,0
1057,Alaska,393,2,0,354.77,112,5,7,0,ORD,0
1058,Southwest,269,-1,0,129.93,77,11,2,0,DFW,0
1059,Alaska,733,12,-4,271.51,121,5,5,0,DFW,0
1060,American,3152,-4,-6,212.86,204,2,4,0,JFK,0
1061,JetBlue,529,69,20,560.84,152,1,1,0,ATL,1
1062,Frontier,190,14,3,361.92,179,3,5,0,LAX,1
1063,American,206,2,-4,163.8,204,10,1,0,MIA,1
1064,Delta,974,2,0,694.45,135,4,5,0,ATL,0
1065,Spirit,650,5,6,127.22,51,7,7,0,JFK,1
1066,Frontier,1362,13,11,345.5,95,7,3,0,SFO,0
1067,Southwest,847,8,7,199.74,140,9,6,0,ATL,0
1068,Frontier,388,5,-4,430.57,206,4,3,0,JFK,1
1069,Delta,289,-2,-6,178.27,95,3,6,0,DEN,0
1070,JetBlue,327,-2,-7,208.96,146,12,4,0,DEN,0
1071,American,695,32,-6,388.47,199,3,2,0,JFK,0
1072,Frontier,180,7,-2,177.65,72,10,1,0,PHX,0
1073,Alaska,215,8,-1,236.44,191,10,2,0,PHX,0
1074,United,591,4,49,352.75,198,1,2,0,SEA,0
1075,Frontier,469,13,-8,195.93,41,6,2,1,DFW,0
1076,United,963,19,7,99.47,91,4,2,0,SFO,1
1077,Alaska,554,3,3,186.17,120,5,2,0,PHX,0
1078,Frontier,467,-4,-6,199.72,168,2,5,0,DEN,0
1079,American,914,-1,37,169.21,91,8,2,0,DFW,1
1080,JetBlue,717,21,17,329.76,134,10,1,0,DFW,0
1081,Alaska,761,7,-4,143.54,163,3,7,1,JFK,0
1082,Frontier,70,27,-3,346.42,132,7,6,0,PHX,0
1083,Spirit,490,2,-5,331.88,171,9,7,0,SEA,1
1084,Frontier,562,1,-2,237.07,139,9,3,0,ATL,0
1085,American,960,-5,-4,559.08,47,8,2,0,DEN,0
1086,Alaska,2131,-2,-4,160.87,139,3,7,0,ATL,0
1087,United,302,1,3,218.59,214,5,4,0,SEA,0
1088,United,361,-4,-2,125.23,188,10,1,0,LAX,0
1089,United,1661,9,2,747.57,114,1,5,0,DFW,0
1090,Spirit,585,64,-8,353.04,179,7,3,0,SEA,0
1091,Frontier,829,-4,12,179.28,130,11,6,0,MIA,0
1092,American,273,2,32,322.8,73,4,3,0,LAX,1
1093,JetBlue,425,3,77,577.05,142,9,6,0,ATL,0
1094,JetBlue,550,-4,-5,286.78,116,10,3,0,JFK,0
1095,Spirit,2800,-2,-1,124.12,120,8,6,0,LAX,0
1096,JetBlue,1258,4,47,340.14,107,10,7,0,JFK,0
1097,Spirit,444,42,-4,160.84,103,7,6,0,DEN,0
1098,Alaska,575,8,4,320.42,142,10,4,0,SFO,0
1099,Spirit,669,-3,16,169.23,67,12,7,0,LAX,0
1100,United,482,15,-8,301.72,80,4,2,0,SFO,0
1101,Frontier,646,24,-6,249.12,123,2,5,0,PHX,0
1102,Southwest,3067,20,-5,110.32,111,3,5,0,ORD,0
1103,Alaska,1550,21,1,221.12,86,8,6,0,DFW,0
1104,American,596,20,-8,280.92,54,6,6,0,ATL,0
1105,Spirit,1814,-1,0,438.52,134,3,5,0,DFW,0
1106,United,278,9,-5,151.47,188,10,2,0,SEA,0
1107,JetBlue,1350,-2,20,255.89,87,11,5,0,LAX,0
1108,American,232,1,2,261.35,206,2,5,0,MIA,0
1109,Alaska,141,3,-7,116.11,71,8,7,0,ATL,0
1110,JetBlue,704,3,1,890.88,45,9,3,0,LAX,0
1111,Delta,705,4,2,146.72,127,7,6,0,ORD,0
1112,United,1177,18,-3,201.08,135,5,2,0,SEA,0
1113,Spirit,1201,10,-1,330.7,185,8,1,0,ORD,0
1114,JetBlue,2156,10,45,322.8,147,3,1,0,MIA,0
1115,Delta,651,17,-4,639.0,48,4,1,0,JFK,0
1116,JetBlue,662,-2,9,184.28,180,11,4,0,PHX,0
1117,Frontier,1676,4,8,361.63,66,3,3,0,MIA,0
1118,United,258,24,0,200.88,140,12,5,0,ORD,0
1119,Southwest,598,13,32,331.79,175,3,7,0,MIA,1
1120,JetBlue,374,27,14,283.47,105,8,6,0,DEN,0
1121,JetBlue,294,4,-8,112.53,43,3,3,0,DFW,0
1122,Alaska,969,17,2,187.7,53,6,6,0,DEN,1
1123,Delta,330,0,-6,161.61,64,7,2,0,SEA,0
1124,United,434,25,-3,296.06,208,1,2,0,SFO,0
1125,JetBlue,672,0,-4,246.25,173,11,3,0,JFK,0
1126,Alaska,872,1,13,372.35,44,8,2,0,ATL,0
1127,Alaska,1810,14,-4,518.81,188,8,3,0,ORD,0
1128,American,1372,16,66,139.05,216,11,3,0,PHX,0
1129,Spirit,1274,-4,-6,151.67,190,4,6,0,ORD,1
1130,Alaska,326,-3,0,201.16,76,8,6,0,SEA,1
1131,United,3074,-1,2,366.24,122,6,3,1,LAX,0
1132,Delta,511,129,1,115.65,92,7,6,0,LAX,0
1133,Delta,358,21,-7,622.48,216,3,1,0,JFK,0
1134,Spirit,366,14,-4,403.21,166,3,6,0,DFW,0
1135,Delta,121,45,3,253.48,177,11,6,0,ORD,1
1136,United,957,12,16,462.81,187,10,5,0,DFW,1
1137,Frontier,159,13,9,220.86,215,10,7,0,LAX,0
1138,Alaska,210,29,4,106.67,50,9,2,0,PHX,0
1139,United,2713,0,49,455.65,118,10,5,0,MIA,0
1140,JetBlue,2177,-5,13,376.41,135,10,5,0,LAX,0
1141,Delta,253,14,22,325.14,178,12,7,0,JFK,1
1142,Alaska,297,-2,-8,314.72,78,12,7,0,PHX,0
1143,Delta,1311,0,-4,177.96,168,9,3,0,DFW,0
1144,Alaska,179,21,11,103.72,103,12,5,0,LAX,1
1145,Alaska,445,18,-3,75.32,86,3,3,0,DEN,0
1146,United,524,5,-1,92.06,130,9,6,0,SFO,0
1147,United,210,-3,5,241.63,175,3,2,0,SEA,0
1148,American,275,0,4,120.46,115,4,6,0,ATL,0
1149,Delta,144,5,-4,110.79,165,3,4,0,DFW,0
1150,Alaska,939,17,24,137.64,131,5,5,0,MIA,0
1151,United,401,58,7,249.84,87,12,7,0,ATL,0
1152,United,121,10,9,389.12,145,4,5,0,SEA,0
1153,JetBlue,1284,-4,18,780.31,145,9,5,0,ORD,0
1154,Delta,1262,-1,-6,624.17,165,2,3,0,PHX,0
1155,Spirit,871,0,2,204.94,154,10,6,0,PHX,0
1156,Frontier,1998,10,-7,134.1,186,8,1,0,LAX,0
1157,American,1428,-5,-7,348.27,127,3,3,0,DFW,0
1158,United,959,6,11,223.91,105,9,6,0,SFO,0
1159,Spirit,363,77,15,237.04,103,2,3,0,ORD,0
1160,JetBlue,1428,17,-7,212.13,135,7,3,0,SEA,0
1161,Alaska,554,17,20,180.68,111,6,2,0,ATL,0
1162,JetBlue,309,16,-3,351.84,148,8,2,0,JFK,1
1163,Spirit,798,12,8,390.8,164,3,4,0,DFW,0
1164,Southwest,698,0,9,232.45,190,6,5,0,ATL,0
1165,Alaska,816,18,10,292.52,158,11,4,0,PHX,0
1166,Alaska,761,11,5,169.12,68,2,1,0,ATL,0
1167,Frontier,317,-1,-6,211.41,110,11,2,0,DFW,1
1168,Alaska,314,53,-6,187.13,172,10,3,0,JFK,0
1169,Delta,1250,58,-6,308.14,79,10,2,0,SFO,0
1170,JetBlue,637,2,30,231.56,199,7,2,0,DEN,0
1171,American,188,16,-4,280.29,143,3,6,1,DFW,0
1172,Delta,312,12,-6,173.33,42,5,1,0,DFW,0
1173,American,190,8,59,681.73,49,3,7,0,DEN,0
1174,Alaska,887,-2,-8,216.98,207,10,1,0,DFW,0
1175,JetBlue,898,4,14,115.18,156,1,5,0,DEN,0
1176,Delta,229,15,20,418.99,132,1,6,0,JFK,0
1177,JetBlue,294,62,8,116.03,212,10,2,0,MIA,0
1178,JetBlue,831,9,47,161.86,122,4,1,0,PHX,0
1179,JetBlue,410,16,-2,257.42,128,5,4,0,PHX,0
1180,Alaska,237,32,-7,185.64,213,1,2,0,SFO,0
1181,United,1191,9,-4,214.02,113,10,3,0,SFO,0
1182,Frontier,568,17,-6,203.58,218,12,5,0,SFO,0
1183,Alaska,109,4,2,206.56,178,11,2,0,LAX,0
1184,United,560,0,42,98.31,218,3,5,0,SFO,0
1185,Spirit,3863,5,3,356.37,172,3,7,0,SEA,0
1186,Frontier,883,-4,-2,273.76,146,2,5,0,SFO,0
1187,American,706,35,28,265.63,195,6,1,0,DFW,0
1188,Spirit,831,1,6,220.81,72,2,1,0,PHX,1
1189,Spirit,419,4,32,184.35,169,4,2,0,MIA,0
1190,Spirit,365,11,42,299.12,157,5,5,0,PHX,0
1191,United,172,6,33,444.65,132,3,4,0,JFK,0
1192,Frontier,260,0,10,331.65,121,1,6,0,SEA,0
1193,American,1787,57,2,620.49,149,1,6,0,JFK,0
1194,Frontier,528,23,-3,202.76,49,1,1,0,DEN,0
1195,United,1426,-3,35,216.16,182,6,1,0,ATL,0
1196,Frontier,115,2,4,450.99,66,4,1,0,SFO,0
1197,Frontier,589,-2,73,164.02,194,6,1,0,SEA,0
1198,Alaska,3436,5,30,288.7,188,11,5,0,DEN,0
1199,JetBlue,604,-1,-1,371.49,198,1,4,0,MIA,0
1200,Spirit,932,1,23,477.79,167,5,1,0,SEA,1
1201,Spirit,325,6,3,161.39,52,1,4,0,PHX,0
1202,United,475,-3,12,245.55,207,4,5,0,ORD,0
1203,Southwest,525,25,2,245.23,54,9,6,0,PHX,0
1204,Alaska,478,2,60,93.66,163,6,3,0,SEA,0
1205,JetBlue,365,32,0,166.84,151,12,7,0,DEN,1
1206,Southwest,848,-5,-6,308.12,209,12,3,0,PHX,0
1207,JetBlue,129,17,21,497.92,190,4,3,0,MIA,0
1208,Alaska,3022,25,13,254.43,103,10,2,0,DFW,1
1209,Alaska,487,58,-6,155.07,149,7,4,0,DFW,0
1210,United,266,-3,3,173.1,138,11,7,0,SFO,0
1211,Delta,437,4,9,109.87,93,12,5,0,SEA,0
1212,American,279,16,0,472.76,47,10,2,0,JFK,0
1213,JetBlue,307,6,28,433.61,136,10,3,0,JFK,0
1214,Delta,550,21,35,126.36,195,1,7,0,PHX,0
1215,Delta,1334,57,22,519.86,110,1,3,0,SEA,1
1216,United,1760,16,3,365.89,180,5,7,0,PHX,1
1217,JetBlue,965,15,1,244.18,209,7,3,1,PHX,0
1218,Spirit,326,8,5,136.4,198,9,7,0,ORD,0
1219,Delta,621,4,3,191.63,52,9,6,0,LAX,1
1220,American,289,22,-6,293.04,74,10,5,0,ORD,0
1221,Southwest,728,-1,15,157.49,159,8,3,0,DFW,0
1222,Spirit,977,25,34,169.28,89,11,4,0,SFO,0
1223,United,1549,22,2,137.18,110,2,3,0,ATL,0
1224,Frontier,795,15,-7,228.06,189,1,7,0,DEN,0
1225,Alaska,490,13,-2,157.35,207,3,2,0,SFO,0
1226,United,818,-5,-6,235.34,219,1,3,0,LAX,0
1227,Frontier,463,65,51,327.09,176,1,2,0,LAX,0
1228,Spirit,520,2,-6,303.89,199,8,6,0,DFW,0
1229,United,1254,2,-7,532.3,42,3,1,0,SEA,0
1230,American,946,62,3,298.25,60,2,6,0,DFW,0
1231,Alaska,570,-1,-7,225.48,165,12,5,0,SFO,0
1232,United,560,41,7,532.19,116,6,4,0,ATL,0
1233,Frontier,411,2,22,257.75,136,1,3,0,DFW,0
1234,Frontier,1912,-3,-4,209.47,203,12,3,0,ATL,0
1235,American,1574,6,31,197.43,49,2,3,0,DEN,0
1236,Frontier,1671,13,8,525.88,185,4,3,0,DFW,0
1237,Alaska,588,9,-5,214.15,40,7,2,0,MIA,0
1238,Delta,863,41,8,232.66,198,2,5,0,ORD,0
1239,JetBlue,886,2,-7,328.49,193,4,2,0,LAX,0
1240,Delta,965,4,-2,195.74,77,4,3,0,PHX,0
1241,JetBlue,288,-1,-8,248.39,115,8,2,0,DFW,0
1242,Spirit,3030,8,1,185.58,210,7,3,0,DFW,0
1243,Frontier,98,37,19,243.13,82,7,1,0,LAX,0
1244,United,261,1,10,248.7,90,9,2,0,ORD,1
1245,Delta,181,-3,-5,212.53,132,3,5,0,LAX,0
1246,American,581,2,-5,383.9,97,3,6,0,DFW,1
1247,Spirit,798,27,10,374.59,99,10,1,0,ORD,0
1248,United,668,30,8,659.54,44,9,4,0,LAX,0
1249,Frontier,156,-3,-6,102.93,81,12,2,0,DFW,1
1250,Delta,1134,17,9,171.36,41,2,2,0,SEA,0
1251,Delta,514,-3,15,262.34,179,3,7,0,ORD,0
1252,American,700,27,14,282.82,181,12,6,0,SFO,0
1253,American,4189,5,0,491.46,86,9,4,0,SEA,0
1254,Delta,540,29,17,102.14,93,10,5,0,SFO,0
1255,Alaska,695,-4,-1,415.16,74,6,1,0,ORD,0
1256,American,344,-4,8,174.89,86,5,4,0,MIA,1
1257,Spirit,1752,36,13,145.5,163,9,5,0,PHX,0
1258,Southwest,1653,17,13,271.93,56,7,7,0,JFK,0
1259,Alaska,894,-3,-2,235.29,170,2,1,0,MIA,0
1260,Alaska,525,28,5,950.05,112,12,7,0,DFW,0
1261,Spirit,614,24,6,350.18,103,10,5,0,MIA,1
1262,Southwest,3439,7,-4,363.2,123,9,7,0,DFW,0
1263,American,1105,-2,-8,214.79,115,11,5,0,DFW,0
1264,Delta,260,3,-6,222.66,46,6,3,0,SEA,0
1265,American,874,7,-7,123.94,157,3,2,0,JFK,0
1266,Spirit,653,-1,-3,305.02,101,1,1,0,ATL,0
1267,American,739,24,-2,120.21,196,4,3,0,ORD,0
1268,JetBlue,588,22,22,142.64,161,11,7,0,PHX,0
1269,Frontier,826,-5,-6,262.42,164,8,7,0,SEA,0
1270,Southwest,653,-5,-5,185.21,57,5,7,0,SFO,1
1271,United,519,4,7,165.19,41,5,1,0,SEA,0
1272,United,862,34,1,187.96,215,2,3,0,SEA,1
1273,United,723,17,67,323.42,50,4,1,0,JFK,0
1274,Spirit,2337,43,14,336.61,65,4,2,0,SFO,0
1275,American,582,0,-3,135.78,165,11,6,1,JFK,0
1276,United,240,47,11,318.63,186,9,6,0,ATL,0
1277,JetBlue,1199,6,-4,378.87,123,7,5,0,LAX,0
1278,American,1409,9,9,699.89,127,7,2,0,PHX,0
1279,Delta,167,-1,-7,318.02,180,9,1,0,ATL,0
1280,Delta,764,4,-5,86.47,45,9,2,0,ORD,0
1281,American,542,16,-6,344.51,79,5,6,0,LAX,0
1282,Alaska,1014,1,0,426.12,204,1,1,0,ORD,0
1283,Southwest,986,-4,4,430.24,160,2,4,0,DEN,0
1284,Southwest,960,22,-3,494.63,104,11,4,0,DFW,0
1285,Frontier,1309,-4,50,487.95,91,8,6,0,MIA,0
1286,Delta,1035,-3,0,247.35,41,6,1,0,PHX,0
1287,United,2247,10,4,269.28,80,10,4,0,LAX,0
1288,Spirit,619,12,1,171.72,101,8,5,0,ORD,1
1289,JetBlue,634,7,22,143.26,69,3,6,0,PHX,0
1290,American,455,-4,-1,157.11,127,3,1,0,JFK,1
1291,Spirit,447,17,35,389.93,77,6,3,0,JFK,0
1292,JetBlue,628,9,17,159.96,69,11,7,0,LAX,0
1293,JetBlue,1463,12,-7,274.87,165,4,4,0,DFW,0
1294,Alaska,602,-5,24,318.78,176,4,6,0,SEA,0
1295,JetBlue,786,-4,-5,332.89,140,11,7,1,LAX,0
1296,American,1997,14,-7,500.76,55,4,6,0,PHX,0
1297,United,1460,12,-4,310.23,202,2,5,0,MIA,0
1298,Spirit,329,-2,-7,268.47,131,7,1,0,DEN,0
1299,Alaska,215,6,7,550.35,115,5,7,0,DEN,0
1300,American,120,1,1,158.12,115,5,3,0,ORD,1
1301,Alaska,1417,10,2,250.17,90,7,7,0,DFW,1
1302,Delta,57,19,6,220.66,48,5,5,0,SFO,0
1303,Frontier,415,-2,2,310.07,196,1,7,0,JFK,0
1304,Spirit,411,11,64,305.43,154,2,4,0,SFO,0
1305,Spirit,804,4,7,125.81,218,5,6,0,SFO,0
1306,United,491,-2,5,120.68,184,7,1,0,MIA,0
1307,Delta,165,3,0,153.85,200,12,4,0,DFW,0
1308,JetBlue,957,-3,1,248.21,73,12,3,0,JFK,0
1309,United,1063,11,60,134.19,129,10,1,0,ORD,0
1310,JetBlue,577,90,-8,112.08,185,2,5,0,DFW,0
1311,Delta,262,15,-5,156.69,137,8,4,0,JFK,0
1312,Alaska,909,24,-2,201.39,141,5,6,0,ATL,1
1313,American,591,-1,27,162.4,128,9,2,0,SEA,0
1314,Alaska,628,-3,34,315.03,219,6,7,0,DEN,1
1315,Frontier,704,-5,-7,322.04,218,3,5,0,LAX,0
1316,Alaska,181,15,-6,528.72,163,12,4,0,LAX,0
1317,United,127,21,24,305.47,89,6,2,0,JFK,0
1318,JetBlue,447,-2,-3,155.76,87,9,6,0,ATL,0
1319,Spirit,1682,5,0,279.25,84,1,3,0,SEA,0
1320,Southwest,281,8,-8,244.76,118,1,1,0,LAX,0
1321,JetBlue,1697,43,2,365.38,126,8,3,0,DFW,0
1322,Delta,1087,32,22,325.64,84,12,3,0,SEA,0
1323,Delta,4374,-5,-1,293.88,109,7,7,0,PHX,0
1324,Spirit,823,-4,24,466.05,142,11,1,1,DFW,0
1325,Alaska,426,43,-2,498.96,186,11,5,0,DFW,0
1326,Alaska,247,-4,8,165.96,73,12,4,0,SEA,0
1327,Frontier,1030,8,-3,142.03,204,1,3,0,PHX,0
1328,American,491,-4,3,118.47,161,8,7,0,SEA,1
1329,United,391,11,18,330.58,213,5,7,0,DFW,0
1330,Frontier,440,-2,20,145.11,126,9,5,0,DEN,1
1331,Spirit,391,-4,-7,196.19,118,3,7,0,JFK,0
1332,Southwest,355,0,32,347.15,169,5,2,0,ATL,0
1333,Delta,396,6,3,477.67,77,7,7,0,MIA,0
1334,United,3297,6,-4,198.1,128,10,3,0,ORD,0
1335,Southwest,426,17,19,574.79,111,11,5,0,ATL,0
1336,Spirit,816,-4,7,216.14,99,8,5,0,LAX,0
1337,Spirit,526,-5,3,573.63,114,3,6,0,SFO,0
1338,Spirit,256,14,17,143.11,68,1,4,0,SEA,0
1339,American,1031,41,-5,256.5,99,12,3,0,LAX,0
1340,United,949,-2,5,211.61,108,6,1,0,SEA,1
1341,JetBlue,514,-3,41,367.74,204,5,4,0,DFW,0
1342,Alaska,1131,1,7,193.0,123,11,1,0,SFO,0
1343,Alaska,560,13,6,353.04,51,5,1,0,SEA,0
1344,Spirit,709,17,-8,323.91,119,11,5,0,LAX,0
1345,Southwest,1313,36,-5,541.46,124,12,1,0,LAX,0
1346,JetBlue,492,19,6,132.64,204,12,1,0,SFO,0
1347,Spirit,2288,-5,10,320.63,94,11,4,0,ORD,0
1348,Alaska,360,-2,27,554.67,153,6,3,0,DFW,0
1349,JetBlue,1251,2,23,349.21,60,3,4,0,MIA,0
1350,Alaska,725,39,-1,472.7,156,5,5,0,SFO,0
1351,Frontier,750,9,10,144.36,175,10,3,0,JFK,0
1352,Frontier,1280,79,1,117.12,149,11,4,0,ATL,0
1353,Frontier,1096,1,2,356.4,134,1,3,0,SFO,0
1354,Southwest,279,33,36,358.85,188,8,2,0,LAX,0
1355,JetBlue,431,13,12,133.46,106,9,4,0,JFK,0
1356,Southwest,503,28,44,219.33,164,4,6,0,ORD,0
1357,JetBlue,609,33,14,208.8,214,5,6,0,SEA,1
1358,American,1161,4,11,245.45,124,7,7,0,PHX,1
1359,American,201,26,0,214.11,71,10,7,0,JFK,0
1360,Spirit,1042,56,-6,251.61,152,5,3,0,ORD,0
1361,United,858,11,7,516.61,193,4,1,0,SEA,0
1362,JetBlue,1486,-1,1,364.44,52,8,2,0,ATL,0
1363,American,258,0,5,190.04,54,11,1,0,ORD,1
1364,American,701,16,-3,651.7,41,11,2,0,LAX,0
1365,Spirit,834,1,-5,226.1,200,12,6,0,JFK,0
1366,American,184,3,-3,257.49,70,6,5,0,LAX,0
1367,Delta,450,6,8,245.71,104,2,3,0,ORD,0
1368,JetBlue,295,31,38,215.71,142,11,2,0,DFW,0
1369,United,401,14,64,233.11,156,4,3,0,PHX,1
1370,American,1542,0,17,104.1,182,3,5,0,DEN,0
1371,Southwest,1425,-3,39,188.44,123,12,2,0,SEA,0
1372,Delta,578,0,-3,826.28,219,2,3,0,ATL,0
1373,JetBlue,2218,1,-8,285.4,110,6,6,0,JFK,1
1374,Alaska,552,15,-5,226.75,139,11,4,0,SFO,0
1375,Spirit,282,3,7,405.6,210,10,3,0,MIA,0
1376,Frontier,1089,88,26,195.68,51,1,3,0,DFW,0
1377,United,938,-4,29,340.05,44,10,3,0,PHX,0
1378,American,594,2,19,511.41,173,4,1,0,DFW,0
1379,Southwest,553,-4,14,277.83,44,8,2,0,PHX,0
1380,Frontier,625,2,-3,104.17,101,5,3,0,DEN,0
1381,Delta,1006,4,-7,196.36,212,3,5,0,ATL,0
1382,Southwest,1013,28,3,317.81,78,2,3,0,SFO,1
1383,Southwest,1131,3,-2,318.28,146,11,3,0,PHX,0
1384,Delta,544,-5,-6,354.28,109,11,4,0,DFW,0
1385,Southwest,577,42,1,113.49,173,6,4,0,LAX,0
1386,American,664,-3,3,301.16,114,12,4,1,SFO,1
1387,Spirit,341,17,14,214.24,55,4,1,0,LAX,0
1388,Delta,282,-2,17,222.58,148,7,5,0,JFK,0
1389,JetBlue,1723,34,1,173.84,199,8,2,0,DEN,0
1390,Delta,656,-1,30,387.41,64,9,5,1,ATL,1
1391,Alaska,331,24,15,296.33,121,7,7,0,SFO,1
1392,United,410,3,0,336.43,122,9,4,0,ORD,0
1393,Frontier,434,4,-2,407.81,151,4,5,0,SFO,0
1394,Alaska,1006,10,-2,159.99,74,1,1,0,ATL,0
1395,Alaska,1979,5,1,394.53,154,7,7,0,MIA,0
1396,Spirit,478,1,-2,402.31,213,2,3,0,PHX,0
1397,American,142,-1,1,218.58,93,10,4,0,DEN,0
1398,Frontier,865,0,5,402.75,66,11,2,0,MIA,0
1399,JetBlue,204,13,-5,228.81,52,9,7,0,DFW,0
1400,Spirit,473,-3,16,106.0,147,6,1,0,ORD,0
1401,Spirit,2256,7,-6,291.15,160,9,5,0,LAX,0
1402,Spirit,216,2,0,157.41,198,12,7,0,DFW,0
1403,Alaska,393,2,-5,241.13,156,8,2,0,JFK,0
1404,American,273,14,-3,512.57,70,9,2,1,DEN,0
1405,American,217,5,1,231.32,76,7,4,0,DEN,0
1406,Delta,415,-4,13,519.78,189,11,3,0,PHX,0
1407,Alaska,536,31,7,195.07,136,12,1,0,LAX,0
1408,JetBlue,1677,29,-1,310.23,212,3,7,0,JFK,0
1409,Delta,439,3,5,285.39,182,10,5,0,PHX,0
1410,United,995,-5,-3,226.9,141,12,5,0,PHX,0
1411,United,2605,-4,19,226.39,101,5,1,0,PHX,0
1412,United,3224,5,2,147.97,145,3,7,0,JFK,0
1413,Delta,411,-4,11,319.15,87,3,1,0,SFO,0
1414,Frontier,2341,4,-2,418.37,163,7,7,0,SFO,0
1415,Delta,1046,-2,9,75.72,54,12,7,0,DEN,0
1416,United,1801,19,31,375.65,68,6,2,0,JFK,0
1417,Delta,277,2,-6,142.03,65,5,6,0,DEN,0
1418,Southwest,495,2,5,406.95,61,12,6,0,ORD,0
1419,Southwest,922,-5,2,147.65,171,5,7,0,SEA,0
1420,Southwest,201,11,4,267.95,72,11,3,0,ATL,0
1421,American,388,17,-5,100.73,108,8,3,0,LAX,1
1422,JetBlue,247,0,-8,168.76,67,1,4,0,DFW,0
1423,Alaska,486,9,-7,450.18,166,4,6,0,JFK,0
1424,JetBlue,550,11,-3,328.03,74,5,5,0,SEA,0
1425,Frontier,6216,10,21,319.45,209,9,5,0,ATL,0
1426,Frontier,822,13,17,241.62,199,1,6,0,PHX,0
1427,Frontier,208,18,73,268.18,132,9,6,0,DEN,1
1428,JetBlue,755,16,12,517.77,213,6,1,0,DEN,0
1429,United,86,8,-2,229.49,63,3,6,0,JFK,0
1430,Spirit,1241,37,30,246.62,133,3,4,0,ATL,0
1431,Southwest,1317,18,15,425.62,112,11,3,0,JFK,0
1432,Alaska,210,28,10,240.42,166,11,7,0,PHX,0
1433,Southwest,939,6,4,200.2,215,4,6,0,MIA,0
1434,Frontier,533,13,11,215.13,185,5,3,0,ATL,0
1435,Delta,353,25,40,224.14,50,12,3,0,DFW,0
1436,American,2148,7,22,142.12,189,9,7,0,LAX,0
1437,Frontier,449,26,-5,109.06,140,6,4,0,PHX,0
1438,American,853,14,-6,240.61,160,5,4,0,ORD,1
1439,Southwest,503,16,-8,293.28,135,6,1,0,DFW,0
1440,Delta,2005,34,11,374.07,97,6,2,0,ORD,1
1441,Southwest,539,1,-3,145.63,147,9,4,0,DEN,0
1442,United,392,9,11,514.07,210,10,3,0,SEA,0
1443,Spirit,661,0,-5,98.34,151,7,4,0,MIA,0
1444,United,235,6,1,358.24,173,7,2,0,SEA,1
1445,JetBlue,3098,4,-8,248.89,202,4,4,0,PHX,0
1446,Alaska,2176,4,-6,225.77,170,5,3,0,PHX,0
1447,Alaska,560,-1,-7,143.81,124,7,1,0,ATL,0
1448,Alaska,357,10,15,224.28,153,8,4,0,MIA,0
1449,Spirit,452,19,27,210.87,210,6,3,0,LAX,0
1450,JetBlue,268,0,-5,413.73,73,8,4,0,ORD,0
1451,Southwest,409,-3,3,173.19,42,9,1,0,MIA,0
1452,Spirit,423,-1,-6,180.99,212,1,7,0,ORD,0
1453,Spirit,253,16,15,301.39,84,4,5,0,ATL,1
1454,JetBlue,1615,-4,18,206.57,143,9,3,0,DFW,0
1455,Spirit,608,9,15,148.7,166,5,3,0,JFK,1
1456,Southwest,996,21,-4,97.01,204,11,4,0,DFW,0
1457,American,516,19,-2,581.7,92,4,5,0,JFK,0
1458,United,275,61,-4,271.58,172,9,7,0,DFW,1
1459,Spirit,440,18,-8,532.28,89,2,3,0,PHX,0
1460,Delta,402,-3,-7,274.65,151,2,3,0,ORD,0
1461,Delta,1429,1,56,394.37,56,11,5,0,ORD,0
1462,American,1904,-1,29,580.77,171,8,4,0,DEN,0
1463,Spirit,239,2,-7,403.43,47,8,6,0,DFW,0
1464,Alaska,593,10,1,546.21,80,5,3,1,SEA,0
1465,Spirit,647,0,47,511.7,150,6,3,0,ATL,1
1466,Southwest,427,-3,-7,158.34,61,11,1,0,JFK,0
1467,Alaska,488,14,9,231.95,135,5,2,0,JFK,0
1468,Frontier,668,-3,-6,466.41,66,8,3,0,LAX,0
1469,United,248,39,-2,178.54,97,6,3,0,PHX,1
1470,Frontier,754,9,-7,246.59,173,6,6,0,SEA,0
1471,Frontier,880,17,6,240.16,198,7,3,0,ATL,0
1472,Southwest,248,21,10,239.14,98,2,6,0,LAX,0
1473,Southwest,2038,10,-7,290.73,43,9,1,0,DEN,0
1474,American,606,13,3,242.37,214,3,5,0,SEA,1
1475,American,1971,18,-3,181.38,142,9,2,0,PHX,0
1476,JetBlue,762,4,11,305.01,210,10,1,0,ORD,0
1477,American,657,-5,3,231.21,156,5,2,0,PHX,0
1478,JetBlue,1463,46,-8,456.24,136,1,4,0,SFO,0
1479,Frontier,839,-1,-3,228.24,134,10,3,0,ORD,0
1480,Alaska,246,-3,2,331.66,99,4,5,0,SEA,0
1481,Alaska,714,33,-6,219.11,195,6,2,0,LAX,0
1482,Spirit,955,7,25,94.75,102,3,6,0,ORD,0
1483,Frontier,391,0,26,329.93,184,12,6,0,ATL,0
1484,Delta,1845,35,-6,585.62,134,6,3,0,MIA,0
1485,JetBlue,548,24,24,264.39,89,11,7,0,ORD,0
1486,JetBlue,763,4,5,335.27,139,1,7,0,ATL,1
1487,Alaska,620,42,22,266.66,149,10,5,0,SFO,0
1488,Delta,1405,-4,7,244.33,56,10,3,0,JFK,0
1489,United,1286,37,29,519.46,177,9,6,0,SEA,1
1490,Southwest,601,4,1,358.0,154,9,3,0,PHX,0
1491,Alaska,341,4,87,216.38,87,11,5,0,DFW,0
1492,Southwest,249,4,21,160.63,189,4,3,0,DFW,0
1493,American,490,3,7,622.72,103,2,6,0,JFK,1
1494,American,706,7,-1,269.3,197,12,4,0,JFK,1
1495,United,576,75,6,386.78,59,11,1,0,DFW,0
1496,Spirit,534,-5,12,140.85,53,8,2,0,JFK,0
1497,American,352,5,-2,81.01,54,7,7,0,ATL,1
1498,Southwest,199,0,4,154.66,82,1,5,0,ATL,0
1499,Frontier,607,-2,25,335.75,96,6,1,0,LAX,0
1500,Alaska,282,34,38,182.51,186,10,2,0,DEN,0
1501,Alaska,670,2,6,138.85,79,12,5,0,ORD,0
1502,JetBlue,824,7,-6,247.0,134,5,5,0,DFW,0
1503,JetBlue,1736,35,14,238.39,190,2,4,0,ATL,1
1504,Spirit,434,5,-4,393.83,147,5,5,0,JFK,0
1505,American,222,0,-7,229.85,61,6,4,0,PHX,0
1506,Southwest,504,-3,-1,479.26,70,10,2,0,LAX,0
1507,Alaska,716,9,-3,396.56,55,6,3,0,PHX,1
1508,Delta,1706,31,3,160.23,93,2,6,0,JFK,0
1509,Delta,1562,-4,-8,593.78,142,1,4,0,JFK,0
1510,Alaska,552,4,9,523.35,191,4,3,0,ORD,0
1511,Alaska,504,11,1,233.32,60,12,3,0,SEA,1
1512,Alaska,239,-3,-3,421.83,111,4,5,0,JFK,0
1513,JetBlue,455,-4,-3,650.41,77,9,1,0,ORD,1
1514,Southwest,933,-2,-7,354.75,109,12,3,0,ATL,0
1515,Alaska,1781,-3,-4,253.4,181,1,7,0,MIA,0
1516,Spirit,1080,2,-6,250.55,158,11,1,0,DEN,0
1517,JetBlue,386,3,1,142.75,197,10,4,0,PHX,0
1518,Southwest,210,4,2,422.27,46,11,7,0,SEA,1
1519,Alaska,780,5,18,344.01,43,1,3,0,ORD,0
1520,Spirit,474,-4,5,201.98,160,8,7,0,MIA,0
1521,Delta,992,11,5,132.39,122,5,3,0,SEA,1
1522,Alaska,336,15,-6,121.5,64,9,3,0,ORD,0
1523,American,2441,-3,-2,174.53,192,6,1,0,MIA,0
1524,United,455,-1,16,251.68,186,10,4,0,SEA,0
1525,American,2283,0,5,351.69,69,3,1,0,ORD,0
1526,Southwest,1133,3,-1,452.6,210,1,2,0,JFK,0
1527,JetBlue,1013,3,0,360.25,133,10,7,0,LAX,0
1528,Frontier,280,-2,-6,456.63,54,6,2,0,ORD,0
1529,JetBlue,230,-4,-8,265.62,215,11,6,0,SEA,1
1530,Delta,564,0,-6,240.42,68,3,5,1,ATL,0
1531,Alaska,241,18,-3,264.79,200,4,3,0,SEA,0
1532,Frontier,1420,-4,-3,122.99,78,3,2,0,JFK,0
1533,Delta,1362,2,10,419.95,79,7,2,0,MIA,0
1534,American,891,-2,-5,180.79,62,12,6,0,JFK,0
1535,Alaska,401,14,13,192.54,101,11,1,0,ATL,0
1536,Spirit,1368,1,11,211.61,210,11,4,0,PHX,0
1537,American,614,3,-6,590.55,140,9,3,0,LAX,0
1538,Spirit,351,32,8,161.54,158,5,3,0,SFO,0
1539,United,536,9,-2,254.63,81,6,5,0,DEN,0
1540,Southwest,620,21,-6,239.04,91,5,4,0,DEN,0
1541,American,920,12,7,205.77,133,3,3,0,DFW,1
1542,American,1681,43,16,346.33,119,3,1,0,SEA,0
1543,Delta,166,8,41,122.02,166,4,3,0,LAX,0
1544,Alaska,2713,-1,4,467.51,72,5,2,0,JFK,1
1545,Southwest,771,13,5,250.38,130,7,3,0,DFW,0
1546,Delta,855,21,1,261.79,177,9,2,0,ATL,0
1547,Frontier,964,46,-2,453.04,187,5,4,0,SEA,0
1548,Spirit,789,9,-6,425.04,102,2,7,1,SEA,0
1549,Spirit,1155,21,-3,186.89,171,9,2,0,SFO,0
1550,United,7851,14,-2,94.9,182,5,4,0,SFO,0
1551,American,2980,17,12,249.94,54,6,7,0,DEN,0
1552,Alaska,603,9,-6,228.53,102,9,6,0,PHX,0
1553,American,2653,0,-5,182.75,214,4,7,0,JFK,0
1554,American,1188,-4,46,288.15,184,11,5,0,JFK,1
1555,JetBlue,254,14,-7,310.02,88,12,7,0,SEA,0
1556,Spirit,246,22,32,215.03,56,3,2,0,ATL,0
1557,Southwest,635,17,-6,281.83,51,4,4,0,JFK,0
1558,Frontier,1665,-4,4,431.97,50,8,1,0,ORD,0
1559,Delta,697,-4,0,565.97,193,12,4,0,LAX,0
1560,Delta,1648,-3,0,172.11,160,7,5,0,MIA,0
1561,Spirit,1400,21,10,424.79,151,7,2,0,ATL,1
1562,Delta,971,9,8,209.04,128,11,1,0,JFK,0
1563,United,552,8,35,155.77,212,1,4,0,MIA,0
1564,JetBlue,452,-1,11,343.03,144,2,2,0,LAX,0
1565,Frontier,489,-4,6,158.76,104,3,5,0,LAX,1
1566,United,1225,19,-5,112.82,102,1,3,0,DFW,0
1567,Southwest,719,21,2,217.53,65,9,6,0,ORD,1
1568,Delta,687,-1,2,185.9,98,9,5,0,SFO,0
1569,Delta,388,21,7,270.63,161,5,5,0,DFW,0
1570,Delta,1659,1,-1,263.54,82,11,2,0,DFW,0
1571,American,1293,20,-6,363.55,159,11,2,0,ORD,0
1572,Frontier,6007,-4,24,108.48,178,4,6,0,DEN,0
1573,Spirit,746,1,-8,215.62,214,3,4,0,SEA,0
1574,Spirit,2665,17,-6,100.64,195,9,1,0,DEN,0
1575,American,498,0,1,298.85,67,2,5,0,DEN,1
1576,Frontier,207,-4,25,383.45,202,8,7,0,PHX,0
1577,Alaska,350,-3,-6,216.6,174,7,2,0,PHX,0
1578,Delta,1282,44,12,185.91,136,2,7,0,JFK,0
1579,Spirit,240,9,-3,140.77,66,12,2,0,MIA,0
1580,Frontier,573,-2,-7,463.26,132,3,5,0,DFW,0
1581,Frontier,877,11,26,380.9,194,2,4,0,SFO,0
1582,Delta,1303,10,46,358.4,145,11,2,0,DEN,0
1583,American,304,3,-6,353.71,134,12,3,0,SFO,0
1584,United,1264,11,26,280.12,214,3,3,0,DEN,0
1585,JetBlue,548,-3,8,690.21,172,4,1,0,JFK,0
1586,United,1406,1,-5,365.2,76,5,7,0,DFW,0
1587,Spirit,1133,-4,9,190.77,60,2,4,0,DEN,0
1588,JetBlue,465,32,17,109.12,129,12,7,0,LAX,0
1589,Spirit,280,29,2,69.99,157,12,5,0,SFO,0
1590,American,1453,-2,28,209.54,108,12,7,0,ATL,0
1591,Frontier,299,13,3,331.48,136,12,5,0,SEA,0
1592,Alaska,698,20,-5,393.95,81,7,5,0,JFK,0
1593,Alaska,545,3,11,222.14,102,12,3,0,SEA,0
1594,Delta,314,20,9,143.31,41,4,5,0,SEA,0
1595,Spirit,389,5,7,124.53,126,11,6,0,MIA,0
1596,Delta,554,19,24,242.89,167,1,1,0,DEN,0
1597,Delta,531,16,3,263.69,218,4,3,0,DFW,0
1598,Spirit,694,7,10,73.39,132,9,2,0,ATL,0
1599,United,489,6,38,246.78,185,5,4,0,MIA,0
1600,Delta,1591,0,-6,386.47,202,2,6,0,ORD,0
1601,JetBlue,1898,3,-1,263.39,177,12,2,0,MIA,0
1602,Delta,348,2,-4,244.76,206,6,2,0,PHX,0
1603,American,394,-3,-2,280.25,136,7,4,0,SEA,1
1604,Delta,754,6,3,312.41,71,2,4,0,MIA,0
1605,United,436,8,20,174.6,76,10,5,0,ORD,0
1606,Frontier,519,47,0,514.24,56,2,5,1,SFO,0
1607,United,570,0,4,324.26,149,10,1,0,SFO,0
1608,Spirit,307,3,17,249.57,75,3,4,0,DFW,0
1609,Frontier,483,7,31,255.53,194,12,7,0,DEN,1
1610,American,256,24,-2,202.51,87,11,4,0,PHX,0
1611,Spirit,676,-1,-5,503.09,206,10,7,0,MIA,0
1612,Southwest,4748,-1,5,473.18,205,4,2,0,ATL,0
1613,Spirit,399,6,26,250.41,101,5,7,0,DFW,0
1614,United,279,-3,-4,322.57,181,3,5,0,SFO,0
1615,Southwest,147,13,2,722.32,214,4,1,0,ORD,0
1616,American,503,24,2,314.07,82,7,5,0,DFW,0
1617,Delta,486,-5,31,124.37,153,6,4,0,DEN,0
1618,Alaska,449,-2,1,347.87,169,2,1,0,ATL,0
1619,Southwest,2561,8,4,108.36,161,12,5,0,MIA,0
1620,Frontier,722,21,-6,152.83,128,7,2,0,MIA,1
1621,American,1766,5,1,234.47,205,2,5,1,DFW,0
1622,Southwest,1438,18,-2,276.95,215,12,5,0,LAX,1
1623,Southwest,261,3,-4,421.55,117,12,1,0,ORD,0
1624,Spirit,1466,2,3,671.05,180,12,6,0,SEA,0
1625,Delta,629,-2,14,270.32,211,3,1,0,LAX,0
1626,Alaska,223,-3,-5,285.82,58,1,3,0,ORD,0
1627,United,376,16,-6,344.13,179,6,6,0,JFK,0
1628,Frontier,1677,-2,-6,162.96,99,11,4,1,JFK,0
1629,Southwest,566,3,14,159.02,198,10,2,0,LAX,1
1630,Frontier,468,7,15,191.03,73,4,5,0,JFK,0
1631,JetBlue,1369,0,25,234.29,208,9,1,0,SEA,0
1632,Delta,1919,22,42,149.19,190,4,5,0,LAX,1
1633,Spirit,926,3,-1,204.57,55,11,6,0,ATL,0
1634,JetBlue,511,2,-2,314.08,111,10,6,0,ORD,0
1635,Delta,1646,-2,63,326.81,70,6,7,0,MIA,0
1636,Delta,150,-1,-6,185.73,135,8,5,0,SEA,0
1637,Alaska,732,0,-7,161.42,156,5,5,0,DEN,0
1638,Frontier,1545,1,-1,112.34,209,3,5,0,ATL,0
1639,United,1756,13,-7,304.07,62,9,2,0,SEA,0
1640,JetBlue,2717,79,-1,280.06,205,11,6,0,ATL,0
1641,Southwest,1806,6,0,179.38,139,3,2,0,MIA,0
1642,Delta,868,13,7,103.54,135,9,6,0,PHX,0
1643,Frontier,330,-1,12,314.08,190,2,2,0,MIA,1
1644,Alaska,555,39,8,297.32,126,11,7,0,LAX,0
1645,JetBlue,559,20,10,165.74,136,8,6,0,DFW,1
1646,JetBlue,344,12,-1,141.86,166,12,2,0,ATL,1
1647,United,66,1,1,593.92,193,6,7,0,ORD,0
1648,JetBlue,680,-4,11,235.99,79,9,6,0,LAX,0
1649,Southwest,307,47,-6,158.19,42,5,3,0,ORD,0
1650,JetBlue,781,14,11,322.71,40,4,1,0,JFK,0
1651,United,237,-3,37,128.04,217,2,4,0,DFW,1
1652,Spirit,216,7,-5,247.53,66,1,7,0,SFO,1
1653,Delta,434,9,0,303.72,83,4,4,0,PHX,1
1654,JetBlue,1394,4,5,269.47,125,8,1,0,PHX,1
1655,JetBlue,765,5,11,242.07,94,10,4,0,MIA,0
1656,American,1075,7,-4,197.42,182,9,3,0,ATL,1
1657,Southwest,291,19,5,192.88,133,1,1,0,DFW,0
1658,Alaska,720,20,33,491.29,83,2,4,0,PHX,0
1659,Frontier,326,44,-1,174.87,135,12,7,0,DEN,1
1660,Southwest,1703,-2,5,211.82,108,12,5,0,JFK,0
1661,Alaska,1752,-3,7,94.92,189,3,6,0,DFW,0
1662,Alaska,431,9,25,613.0,152,8,3,0,DEN,0
1663,Southwest,2323,13,-2,226.57,218,11,4,1,PHX,0
1664,Alaska,581,1,23,293.25,206,9,6,0,LAX,0
1665,JetBlue,2395,58,9,567.82,189,3,3,0,DEN,0
1666,Southwest,259,23,11,181.89,174,12,6,0,DFW,0
1667,Southwest,260,5,-7,145.12,89,4,1,0,SFO,0
1668,Spirit,1036,14,-1,312.01,113,8,1,0,SEA,0
1669,American,346,4,-6,281.04,153,3,1,0,ORD,0
1670,Frontier,922,-2,4,615.33,179,11,4,0,PHX,1
1671,United,292,-2,19,278.06,140,6,2,0,JFK,0
1672,United,246,0,0,352.37,205,1,3,0,MIA,0
1673,Delta,1435,29,-4,265.37,106,12,6,0,ATL,0
1674,Frontier,3471,2,-3,162.36,133,7,4,0,SEA,0
1675,Frontier,595,31,5,119.99,80,5,3,0,JFK,0
1676,Alaska,1112,19,14,358.26,169,4,5,0,DEN,0
1677,Frontier,576,9,10,151.49,96,8,7,0,JFK,0
1678,Alaska,1092,29,35,326.3,98,8,1,0,PHX,1
1679,Frontier,52,-2,24,251.62,197,7,1,0,MIA,0
1680,Alaska,415,-4,-6,234.7,131,1,6,1,LAX,1
1681,Alaska,3257,16,10,208.25,216,10,2,0,LAX,0
1682,American,922,30,0,170.51,216,6,1,1,DFW,0
1683,Alaska,634,2,-2,300.19,160,3,5,0,MIA,1
1684,Alaska,1066,-5,2,204.49,82,8,3,0,DFW,0
1685,JetBlue,1382,17,14,244.66,134,10,4,0,LAX,0
1686,Alaska,119,2,0,500.84,184,3,1,0,ATL,1
1687,Alaska,535,8,18,321.97,97,11,4,0,PHX,1
1688,Delta,243,-1,2,217.65,59,8,7,0,SFO,0
1689,Southwest,3704,12,-7,205.3,116,5,2,0,SEA,0
1690,Delta,198,6,7,180.05,93,5,1,0,SEA,0
1691,United,575,-5,15,160.84,163,8,2,0,PHX,0
1692,Frontier,1094,-5,-2,302.39,97,3,3,0,ATL,0
1693,Frontier,1095,4,-4,109.35,43,4,3,0,PHX,0
1694,Delta,281,-2,7,302.7,130,1,5,0,PHX,0
1695,Delta,295,30,-1,603.85,111,9,1,0,PHX,0
1696,Alaska,358,-3,27,415.81,176,3,4,0,ATL,0
1697,American,442,14,14,141.61,74,8,1,0,SFO,0
1698,Southwest,470,1,1,687.79,164,1,3,0,ATL,0
1699,JetBlue,1127,36,48,360.32,195,1,2,0,LAX,0
1700,Alaska,411,-3,-2,140.79,194,12,5,0,DEN,1
1701,JetBlue,844,18,1,117.84,217,6,4,0,DFW,0
1702,American,387,43,8,178.4,212,12,2,0,ATL,0
1703,Spirit,953,42,3,251.75,53,11,4,0,SEA,0
1704,Alaska,852,-1,-2,315.93,68,6,5,0,DFW,0
1705,American,514,0,0,190.12,149,7,6,0,PHX,0
1706,Frontier,337,-3,22,197.66,99,1,7,1,DEN,1
1707,Alaska,431,2,-5,291.52,196,3,5,0,DEN,0
1708,Alaska,352,12,-2,174.0,96,4,7,0,ATL,0
1709,Frontier,702,-5,-5,262.57,160,9,4,0,ATL,0
1710,JetBlue,1261,11,3,363.1,100,8,3,0,DEN,0
1711,Alaska,986,-5,-5,238.11,152,4,2,0,JFK,0
1712,Delta,1287,12,-5,490.25,105,10,2,0,JFK,0
1713,Southwest,287,23,19,232.87,90,7,7,0,DEN,0
1714,Frontier,647,2,10,150.83,49,9,1,0,JFK,0
1715,JetBlue,389,3,-5,643.87,127,10,2,0,ORD,0
1716,Delta,693,15,-1,351.42,130,10,7,0,DEN,0
1717,Delta,1094,20,29,256.14,90,8,3,0,DEN,0
1718,United,459,114,23,251.62,135,12,3,0,PHX,0
1719,American,188,7,8,163.75,215,12,4,0,LAX,0
1720,Alaska,295,24,-3,254.47,96,5,1,0,ATL,0
1721,Spirit,130,-4,-1,178.26,219,9,2,0,DFW,1
1722,Alaska,680,-3,8,454.27,96,5,2,0,DFW,0
1723,JetBlue,471,26,4,303.43,124,11,7,0,DEN,0
1724,JetBlue,416,2,4,271.39,125,3,5,0,DFW,0
1725,Alaska,205,-1,0,192.36,157,6,4,0,JFK,0
1726,Southwest,417,3,-7,259.66,51,12,7,0,ORD,0
1727,Spirit,598,6,-6,125.31,73,3,6,0,LAX,0
1728,Alaska,551,1,19,332.16,208,2,1,0,JFK,0
1729,Alaska,1372,-2,24,191.51,60,7,3,0,MIA,0
1730,Spirit,333,-4,26,176.21,159,3,2,0,PHX,0
1731,JetBlue,642,17,2,614.89,134,5,2,0,ATL,0
1732,Delta,1610,30,33,342.68,185,9,6,0,DFW,0
1733,Delta,1484,-5,19,136.74,136,4,5,0,SFO,0
1734,Southwest,1391,1,-1,415.29,85,9,5,0,SEA,1
1735,Spirit,559,28,-4,101.21,46,12,2,0,LAX,0
1736,Delta,610,-5,12,159.19,205,6,2,0,MIA,0
1737,Frontier,543,15,11,298.7,59,3,5,0,PHX,0
1738,Delta,1126,-1,25,243.53,171,11,3,0,SEA,0
1739,Frontier,304,17,-7,177.36,50,12,7,0,ATL,0
1740,Frontier,1122,12,-1,278.88,45,1,7,0,ATL,0
1741,JetBlue,310,38,-7,187.55,142,8,2,0,SEA,0
1742,Frontier,1087,0,-4,268.68,174,10,4,0,MIA,0
1743,Spirit,1113,-3,0,310.58,84,4,2,0,MIA,0
1744,American,1330,5,-6,498.33,69,6,4,0,JFK,0
1745,JetBlue,1070,58,18,323.01,145,2,5,0,SFO,0
1746,United,939,-4,-5,225.53,67,12,6,0,LAX,0
1747,Southwest,3744,-2,0,302.04,141,4,7,0,PHX,0
1748,Alaska,230,24,16,101.93,95,8,6,0,DEN,0
1749,Delta,1993,12,-6,528.35,168,2,3,0,SEA,0
1750,Spirit,2794,3,6,283.91,127,6,1,0,DFW,0
1751,JetBlue,500,5,34,1205.74,99,2,1,0,SFO,1
1752,JetBlue,1426,-1,1,283.8,215,8,1,0,JFK,0
1753,Frontier,2609,44,-4,287.15,67,3,5,0,PHX,0
1754,Frontier,638,1,35,113.74,137,9,5,0,SEA,1
1755,Alaska,610,2,-7,169.42,120,6,2,0,JFK,0
1756,Alaska,345,4,-2,244.79,127,3,3,0,ORD,0
1757,Delta,4269,-1,18,201.38,70,11,7,0,LAX,0
1758,Southwest,1815,-2,-5,598.61,187,2,3,1,DEN,0
1759,JetBlue,314,9,-7,277.18,68,8,2,0,DFW,0
1760,Frontier,1245,17,1,223.88,67,4,3,0,JFK,0
1761,American,559,16,-2,333.21,117,8,3,0,LAX,0
1762,Frontier,200,8,16,206.85,209,7,2,0,DFW,1
1763,Alaska,6671,10,-2,322.63,163,12,7,0,JFK,0
1764,Delta,333,7,9,130.99,193,2,6,0,DEN,0
1765,Southwest,489,26,4,517.31,167,7,7,0,SFO,0
1766,United,571,2,6,297.66,50,4,5,0,ATL,0
1767,Alaska,455,-3,3,309.55,183,6,1,0,DFW,0
1768,Delta,632,4,-6,189.24,203,8,6,0,LAX,0
1769,United,1558,26,-7,395.83,68,9,6,0,ORD,0
1770,Delta,543,30,4,127.44,130,12,2,0,MIA,1
1771,JetBlue,1106,8,8,191.09,68,4,2,0,PHX,0
1772,Southwest,756,-4,11,298.73,195,3,1,0,ATL,0
1773,American,253,14,11,236.24,135,2,1,0,DEN,0
1774,Frontier,1001,11,12,147.8,194,4,4,0,DEN,0
1775,United,612,4,-8,220.54,50,2,4,0,ORD,1
1776,Spirit,155,-2,-4,191.08,212,3,4,0,PHX,0
1777,United,259,9,12,175.53,216,1,5,0,ATL,0
1778,Spirit,1255,5,-6,522.66,92,7,2,0,ATL,0
1779,Delta,4858,-4,-5,172.79,146,6,4,0,PHX,0
1780,United,759,3,8,141.98,107,1,5,0,PHX,0
1781,Spirit,57,37,17,144.38,219,9,1,0,LAX,0
1782,Frontier,944,3,-5,193.59,160,6,4,0,PHX,0
1783,Delta,190,3,4,261.11,199,5,2,0,ATL,0
1784,Delta,471,7,-5,298.96,95,1,6,0,DEN,0
1785,United,3043,0,-4,596.28,192,10,3,0,DEN,1
1786,United,373,-4,2,90.02,123,5,5,0,DEN,0
1787,Spirit,977,9,9,132.06,89,2,6,0,LAX,0
1788,JetBlue,649,5,5,171.56,46,7,5,1,ORD,0
1789,JetBlue,823,12,-7,167.11,135,11,1,0,DFW,1
1790,Alaska,175,5,-3,120.22,154,6,1,0,SFO,1
1791,JetBlue,823,-1,34,244.6,45,4,1,0,PHX,0
1792,Southwest,1800,2,7,639.87,91,11,6,0,MIA,1
1793,American,235,-5,8,377.92,185,3,4,0,LAX,0
1794,JetBlue,1840,-2,-4,151.11,51,5,7,0,LAX,0
1795,JetBlue,318,18,40,232.36,150,3,1,0,MIA,0
1796,Delta,1436,35,-5,228.92,204,9,3,0,SEA,0
1797,American,357,2,-4,307.75,49,12,5,0,SEA,0
1798,United,281,34,3,236.92,126,6,7,0,LAX,0
1799,Southwest,1121,10,2,193.0,60,10,6,0,DEN,0
1800,United,939,0,-8,613.83,157,2,5,0,DFW,1
1801,Delta,203,9,12,209.44,180,7,1,0,PHX,0
1802,Southwest,1487,20,-6,189.29,105,8,7,1,PHX,0
1803,JetBlue,237,18,-7,545.07,185,9,2,0,DEN,0
1804,Spirit,466,27,3,270.05,74,4,5,0,DFW,0
1805,American,786,18,-7,283.45,151,1,7,0,JFK,0
1806,American,360,13,-5,539.86,137,8,4,0,DFW,0
1807,JetBlue,1324,2,-1,270.42,140,10,2,0,DFW,0
1808,United,1067,-2,6,175.22,199,1,2,0,ATL,0
1809,United,659,-3,15,315.67,64,5,3,0,MIA,0
1810,JetBlue,106,20,-3,86.32,191,2,6,0,LAX,0
1811,JetBlue,1798,17,2,783.51,78,8,1,0,PHX,0
1812,Frontier,714,29,38,128.98,99,5,4,0,ATL,0
1813,American,450,-4,-1,241.94,65,6,2,0,DEN,0
1814,United,728,10,11,297.26,81,7,2,0,DFW,0
1815,Alaska,1505,14,-3,74.37,78,4,1,0,SFO,0
1816,Southwest,875,3,7,169.22,108,5,4,0,JFK,0
1817,Southwest,812,6,17,592.51,109,9,1,0,SEA,0
1818,Delta,183,5,29,453.82,135,6,6,0,SEA,1
1819,Delta,172,4,34,529.51,80,8,7,0,SEA,0
1820,Delta,554,0,-3,205.89,199,4,4,0,LAX,0
1821,Spirit,1078,63,-5,461.66,47,11,1,0,DFW,0
1822,United,1652,27,17,327.53,57,4,1,0,DEN,0
1823,Southwest,2266,18,7,231.18,157,8,7,0,SFO,0
1824,United,3950,23,0,338.06,168,11,1,0,SEA,0
1825,JetBlue,552,22,-7,275.11,191,3,3,0,MIA,1
1826,American,947,-4,-2,321.18,214,12,1,0,LAX,0
1827,Alaska,787,8,-6,133.32,120,11,6,0,PHX,0
1828,Delta,430,5,2,378.11,102,5,6,0,DEN,0
1829,Frontier,1675,-2,18,83.05,185,12,7,0,SFO,0
1830,JetBlue,1347,0,-2,174.74,187,3,6,0,PHX,0
1831,JetBlue,590,-3,-1,110.52,65,1,7,0,DEN,0
1832,Alaska,323,5,15,705.12,153,12,2,0,DFW,0
1833,American,259,-1,1,1685.88,140,3,3,0,DEN,0
1834,Frontier,384,-1,9,657.39,130,6,7,0,SEA,0
1835,Southwest,867,7,-5,451.87,206,11,6,0,SEA,0
1836,Southwest,408,-1,-4,152.2,62,6,1,0,JFK,0
1837,Spirit,782,8,7,142.64,129,7,4,0,SEA,0
1838,Frontier,507,-2,-6,269.71,44,3,5,0,DEN,1
1839,JetBlue,557,13,-5,219.87,53,9,3,0,DFW,0
1840,American,899,0,-2,153.76,138,10,7,0,SFO,1
1841,Southwest,583,17,-5,240.04,156,9,6,0,JFK,0
1842,Spirit,273,19,48,91.52,212,2,4,0,JFK,0
1843,Delta,447,59,-4,173.57,61,8,6,0,ORD,0
1844,United,1177,-5,38,151.94,152,11,6,0,ORD,1
1845,American,837,20,20,326.66,72,2,3,0,PHX,0
1846,Alaska,702,5,-2,133.16,52,2,4,0,LAX,0
1847,Spirit,572,-3,4,198.01,111,6,6,0,DFW,0
1848,JetBlue,333,16,-2,196.83,141,8,2,0,DFW,0
1849,United,208,-4,10,285.05,213,1,4,0,MIA,0
1850,Southwest,849,25,-1,278.53,147,8,2,0,MIA,0
1851,Southwest,567,10,1,181.79,195,8,7,0,ATL,0
1852,Alaska,810,-2,11,322.33,168,4,7,0,JFK,0
1853,American,1379,12,0,137.38,182,6,4,0,ORD,0
1854,United,286,-2,10,169.4,174,2,6,0,LAX,0
1855,Southwest,55,8,-1,214.51,184,1,3,1,ORD,0
1856,American,1038,-5,0,515.43,94,11,5,0,JFK,0
1857,United,1940,37,-2,461.02,158,7,3,0,MIA,1
1858,Spirit,585,-4,60,86.31,95,7,6,0,SFO,0
1859,Spirit,618,16,3,322.73,53,3,2,0,ATL,0
1860,JetBlue,479,13,-4,278.01,116,3,4,0,JFK,0
1861,JetBlue,1038,11,5,328.04,156,12,7,1,ORD,0
1862,Spirit,244,-4,1,150.79,95,10,6,0,ORD,1
1863,Southwest,1842,11,15,980.57,199,12,4,0,DFW,1
1864,Frontier,739,9,33,179.92,164,1,4,0,SEA,0
1865,Spirit,545,10,-6,254.44,156,12,5,0,SFO,0
1866,American,409,7,52,741.14,64,1,6,1,DEN,0
1867,Delta,1396,1,-5,228.9,130,2,3,1,DFW,0
1868,Southwest,557,-1,-3,184.66,191,10,7,0,ATL,1
1869,Delta,2156,4,14,392.17,180,12,3,0,PHX,1
1870,Frontier,1297,2,-5,210.16,132,3,7,0,DEN,0
1871,Frontier,1912,12,18,259.61,197,4,6,0,SEA,0
1872,United,564,0,9,125.26,46,8,4,0,ATL,0
1873,American,1004,19,17,149.19,180,5,7,0,ORD,0
1874,Alaska,785,54,4,277.23,174,2,4,0,PHX,0
1875,Southwest,531,13,54,189.39,138,7,4,0,ORD,1
1876,JetBlue,289,6,5,131.11,61,8,3,0,MIA,0
1877,Spirit,3930,-2,0,182.93,98,3,5,0,ATL,0
1878,United,433,55,43,190.26,181,6,6,0,JFK,0
1879,Frontier,1152,0,-7,247.29,60,10,4,0,DEN,0
1880,Frontier,1611,8,3,252.81,57,8,4,0,MIA,1
1881,Alaska,377,4,7,324.39,87,10,5,0,JFK,1
1882,Spirit,227,-2,-2,138.25,132,6,6,0,MIA,0
1883,United,929,18,-7,156.13,65,10,7,0,ORD,0
1884,United,466,-3,0,144.69,78,6,6,0,ORD,1
1885,Delta,357,3,17,174.72,204,8,7,0,JFK,0
1886,Delta,434,-1,5,176.8,153,12,7,0,PHX,0
1887,Alaska,881,7,13,123.46,195,1,5,0,ORD,0
1888,United,201,25,11,593.38,178,2,4,0,DEN,0
1889,Frontier,572,28,-3,265.35,184,11,6,0,DEN,0
1890,Spirit,256,6,-4,167.17,51,3,2,0,LAX,0
1891,Southwest,2028,-1,15,199.21,67,7,7,0,SFO,0
1892,Delta,593,2,-5,239.23,70,1,5,0,PHX,0
1893,American,1713,13,4,224.85,196,4,5,0,ATL,0
1894,Spirit,1467,0,39,178.07,172,3,3,0,LAX,0
1895,JetBlue,716,-3,3,420.03,158,8,1,0,SFO,0
1896,Southwest,1141,0,17,251.59,74,7,4,0,DFW,1
1897,Alaska,1063,-3,-4,240.06,164,1,1,0,PHX,0
1898,Alaska,1501,0,-7,530.04,180,11,1,0,DFW,0
1899,Spirit,618,-4,-2,772.81,154,9,4,0,SEA,0
1900,American,819,-4,5,254.72,212,11,3,0,DEN,0
1901,Alaska,290,24,7,290.4,112,4,5,0,ORD,0
1902,Spirit,337,-2,4,109.58,198,7,3,0,JFK,0
1903,Alaska,1104,23,1,256.03,162,12,3,0,LAX,0
1904,Delta,994,77,55,419.84,183,6,7,0,SFO,1
1905,JetBlue,318,2,9,88.4,86,3,4,0,ORD,0
1906,United,692,4,38,112.65,175,6,2,1,LAX,0
1907,Spirit,240,0,-5,749.66,215,7,7,0,LAX,0
1908,JetBlue,208,-3,107,158.85,89,11,6,0,DFW,1
1909,United,797,10,10,310.62,186,5,6,0,SEA,0
1910,Alaska,390,23,46,298.36,82,10,6,0,SFO,0
1911,American,817,12,6,332.62,148,4,7,0,MIA,0
1912,American,467,-3,-5,348.93,130,11,5,0,PHX,0
1913,Southwest,378,9,-2,371.61,118,6,6,1,JFK,0
1914,American,1800,10,-7,239.99,127,10,6,0,LAX,0
1915,Delta,1189,13,-6,202.5,214,8,5,0,LAX,0
1916,Delta,416,-4,89,143.3,77,7,4,0,JFK,0
1917,JetBlue,1942,13,29,159.56,96,3,6,0,ATL,0
1918,Alaska,294,9,27,192.54,48,2,2,0,SFO,0
1919,United,291,25,-8,175.34,128,10,2,0,ORD,0
1920,Alaska,308,-2,1,283.68,182,12,7,0,DFW,0
1921,JetBlue,420,-4,15,269.08,66,5,6,0,LAX,0
1922,Southwest,326,20,-4,126.21,212,9,1,0,SEA,0
1923,Alaska,547,-3,0,154.57,45,11,1,0,MIA,0
1924,Southwest,330,2,-5,285.02,78,10,6,1,MIA,0
1925,Alaska,429,25,10,97.54,55,5,3,0,ATL,0
1926,Delta,625,0,10,256.34,90,10,6,0,ORD,0
1927,Southwest,1285,4,-3,184.35,68,11,5,0,LAX,0
1928,Alaska,869,9,2,242.87,121,1,5,0,DFW,0
1929,Delta,1769,10,1,371.23,139,12,5,0,JFK,1
1930,United,614,9,15,193.01,40,9,3,0,DFW,0
1931,Spirit,568,-4,9,232.22,180,12,6,0,DFW,0
1932,JetBlue,2193,18,-7,140.89,173,2,6,0,PHX,1
1933,Alaska,1304,19,-6,263.07,59,12,7,0,LAX,1
1934,Southwest,1513,-3,19,94.48,141,2,2,0,PHX,0
1935,United,3627,15,43,202.08,137,6,2,0,SFO,0
1936,Southwest,317,6,7,205.8,121,11,5,0,SFO,0
1937,American,175,-5,-1,278.91,165,3,6,0,SEA,1
1938,Spirit,870,13,-4,434.99,76,5,2,0,ORD,0
1939,Southwest,714,4,12,145.5,171,5,5,0,LAX,0
1940,United,322,-3,7,258.18,181,11,2,0,ORD,0
1941,Southwest,827,-2,28,471.06,104,3,6,0,JFK,0
1942,American,569,16,27,214.19,95,12,6,0,LAX,0
1943,Spirit,839,39,-2,359.59,200,8,7,0,PHX,0
1944,Spirit,1140,-2,16,205.67,130,3,4,0,ATL,1
1945,Southwest,1251,3,-4,237.12,161,6,7,0,SEA,0
1946,Spirit,1134,1,15,151.24,133,12,7,0,SFO,1
1947,United,86,8,-5,374.24,187,10,1,0,PHX,0
1948,Frontier,1208,-2,-2,279.76,173,5,4,0,PHX,1
1949,Spirit,298,8,-7,110.5,168,11,1,0,ATL,0
1950,Frontier,637,22,-3,324.98,48,11,2,0,ATL,1
1951,Spirit,878,10,-2,262.85,94,11,7,0,ATL,1
1952,Delta,1468,-2,9,248.9,71,7,4,0,DEN,0
1953,Spirit,506,16,11,69.77,136,6,5,0,SFO,0
1954,United,710,4,5,208.65,57,11,4,0,SEA,0
1955,Delta,520,-3,14,95.5,76,9,2,0,MIA,0
1956,Frontier,665,1,1,379.07,58,11,2,0,SEA,0
1957,Spirit,584,-1,7,481.81,136,2,1,0,DEN,0
1958,Delta,1188,23,-1,248.95,172,11,4,0,DFW,0
1959,Frontier,2061,-1,3,560.05,95,11,2,0,SFO,0
1960,JetBlue,203,6,-6,165.92,179,10,4,0,JFK,0
1961,Alaska,1588,11,6,429.2,175,6,3,0,PHX,0
1962,Frontier,1462,-4,-5,252.21,172,12,2,0,PHX,0
1963,United,895,-3,1,184.66,67,10,1,1,ATL,0
1964,Spirit,8200,18,8,593.99,99,10,7,0,LAX,0
1965,Frontier,543,1,0,471.81,131,5,7,0,JFK,0
1966,JetBlue,406,13,-4,260.76,127,9,7,0,DEN,0
1967,Delta,4638,16,8,176.68,129,2,1,0,PHX,0
1968,Southwest,162,10,21,203.51,111,12,5,0,ATL,0
1969,Delta,188,8,2,133.48,138,8,2,0,DEN,0
1970,Frontier,1257,5,4,139.76,119,7,6,0,DEN,0
1971,United,822,2,-1,164.15,110,1,6,0,ORD,1
1972,United,237,-3,5,531.57,56,3,6,0,PHX,1
1973,United,1281,49,2,209.19,90,4,5,0,SEA,0
1974,United,512,10,13,252.42,138,8,6,0,MIA,1
1975,Spirit,146,-2,-4,110.89,103,2,1,0,LAX,0
1976,Frontier,1124,22,2,483.54,198,8,2,0,DEN,0
1977,Southwest,1465,21,-2,129.89,110,2,3,0,DEN,1
1978,Spirit,236,16,-7,640.98,90,12,4,0,LAX,0
1979,JetBlue,204,-3,-1,376.28,106,3,6,0,SEA,0
1980,American,86,-5,38,245.37,57,8,2,0,ORD,0
1981,JetBlue,612,13,1,295.78,156,11,5,0,DEN,0
1982,Delta,445,-2,4,227.43,194,9,2,0,DEN,0
1983,United,405,23,12,195.87,199,12,1,0,ATL,0
1984,Frontier,1522,12,55,356.81,114,5,1,0,LAX,0
1985,United,441,2,0,313.92,213,4,6,0,LAX,0
1986,American,226,5,3,187.3,203,3,1,0,SEA,0
1987,Spirit,598,5,44,859.09,115,3,4,0,LAX,0
1988,Spirit,825,2,0,199.56,179,9,2,1,MIA,0
1989,JetBlue,267,-2,15,225.6,98,4,1,0,ORD,0
1990,Delta,252,73,1,90.92,209,2,1,0,MIA,0
1991,United,1498,16,-4,237.73,106,12,3,0,JFK,0
1992,Spirit,179,-2,33,713.07,70,4,7,0,SFO,0
1993,Frontier,303,-4,11,323.09,44,3,1,0,DEN,0
1994,Alaska,328,1,22,373.55,123,5,5,0,SFO,0
1995,American,596,7,-6,240.1,146,4,1,0,JFK,0
1996,American,1033,37,10,286.76,214,2,5,0,DEN,0
1997,Alaska,846,-3,7,507.9,209,11,6,0,DEN,0
1998,Delta,649,4,2,450.21,40,10,4,0,PHX,0
1999,American,3345,-2,-6,204.65,178,1,6,0,PHX,0
2000,Alaska,507,-4,0,249.67,208,1,4,0,ATL,0
