beer_id,style,abv,ibu,srm_color,rating,num_ratings,price_per_pint_usd,seasonal,canned,brewery_size,year_brewed
1,Amber,4.1,33,12.1,4.58,0,5.0,0,1,Regional,2024
2,Lager,6.5,11,27.7,3.91,39,13.51,0,0,Regional,2019
3,Sour,6.3,14,27.2,3.29,173,7.87,0,1,Regional,2022
4,Amber,8.0,37,30.8,4.04,57,13.61,0,1,Nano,2022
5,Wheat,4.5,6,20.9,4.45,22,11.2,1,1,Nano,2019
6,Wheat,7.7,6,4.9,4.05,85,6.21,0,0,Regional,2019
7,IPA,6.1,53,24.4,4.19,295,10.07,0,1,Micro,2018
8,Saison,5.7,120,13.9,4.21,34,4.91,1,0,Micro,2023
9,Stout,3.0,16,39.9,3.1,59,5.96,0,1,Micro,2020
10,IPA,5.6,23,24.1,3.5,48,5.06,0,1,Micro,2023
11,Lager,6.5,25,18.8,3.28,99,4.65,0,1,Large,2022
12,Stout,5.3,32,31.0,3.32,17,10.19,0,1,Regional,2022
13,Wheat,7.2,13,39.2,4.07,894,6.7,1,0,Micro,2019
14,Lager,7.3,24,20.8,3.57,423,11.57,0,1,Micro,2021
15,Lager,4.6,51,14.6,3.54,32,7.36,0,1,Micro,2018
16,Pilsner,5.1,17,20.3,2.58,1304,12.71,1,1,Micro,2023
17,Lager,4.6,27,28.4,4.32,1,8.42,0,0,Large,2022
18,Sour,4.4,62,27.6,3.87,200,7.51,0,0,Micro,2023
19,Pilsner,5.1,26,30.3,3.8,13930,4.41,0,0,Regional,2019
20,Sour,5.3,7,25.6,1.99,37,11.3,0,0,Micro,2023
21,Pale Ale,3.0,5,38.3,4.18,206,13.76,1,1,Micro,2018
22,Saison,4.9,10,15.9,4.22,207,6.61,1,1,Micro,2022
23,Sour,5.6,69,2.0,4.48,39,10.54,0,1,Large,2021
24,Saison,5.1,22,7.7,3.33,127,10.75,0,1,Large,2020
25,Pilsner,4.8,35,3.7,4.4,705,8.41,1,1,Regional,2020
26,Sour,3.7,76,7.8,4.38,15,7.43,1,1,Regional,2023
27,Stout,3.3,10,10.2,2.79,119,4.52,1,1,Nano,2021
28,Amber,4.2,120,12.3,3.43,233,13.5,0,0,Large,2023
29,Porter,3.0,24,2.9,2.56,20,9.1,0,1,Large,2020
30,Wheat,4.9,41,12.7,3.25,66,7.06,1,1,Micro,2022
31,Sour,3.8,15,7.7,4.0,120,12.82,0,1,Micro,2020
32,Saison,5.3,12,5.3,4.05,19,5.38,1,1,Micro,2020
33,Pilsner,4.2,27,24.1,3.08,518,11.0,0,1,Regional,2023
34,Lager,3.0,16,9.3,3.46,86,5.17,1,1,Micro,2023
35,Lager,3.7,29,5.1,3.13,19,11.3,0,1,Regional,2024
36,Pale Ale,5.2,5,8.8,3.04,10,10.03,0,1,Regional,2019
37,IPA,6.3,9,35.0,4.12,38,9.7,0,1,Nano,2022
38,Amber,4.6,17,22.1,1.88,36,9.63,1,1,Micro,2024
39,Amber,5.3,10,22.3,3.78,105,8.37,0,1,Nano,2022
40,Stout,4.7,120,12.3,2.33,9,12.96,1,1,Regional,2021
41,Wheat,4.6,31,21.6,1.98,22,4.37,0,1,Nano,2020
42,Amber,3.9,33,30.0,3.47,560,12.77,1,0,Regional,2018
43,Wheat,4.9,11,24.7,4.07,5,8.25,0,0,Micro,2022
44,Pilsner,4.1,15,22.4,4.04,23,7.29,0,0,Micro,2023
45,Lager,7.5,18,15.8,3.77,9,9.96,0,0,Micro,2022
46,Wheat,4.0,67,26.0,3.5,79,6.17,1,1,Micro,2018
47,IPA,5.2,8,34.6,4.3,166,8.46,0,0,Micro,2022
48,Wheat,3.6,20,9.2,3.16,11986,10.27,1,1,Nano,2021
49,Porter,4.7,38,33.3,3.83,245,7.74,0,1,Regional,2023
50,Saison,3.7,5,20.4,3.86,9,7.18,0,0,Micro,2020
51,Pale Ale,4.2,7,39.2,3.51,131,9.9,0,0,Nano,2021
52,Porter,6.6,8,12.0,2.4,47,10.25,0,0,Regional,2024
53,Wheat,4.9,23,5.7,3.67,27,7.13,1,1,Micro,2020
54,Pilsner,6.4,18,8.1,3.68,56,10.49,1,1,Nano,2024
55,Pale Ale,4.6,57,2.7,4.22,208,12.43,1,1,Micro,2021
56,IPA,6.2,5,15.9,3.37,191,5.13,0,1,Micro,2021
57,IPA,6.3,19,14.2,3.9,7,13.39,1,1,Large,2020
58,Amber,6.1,69,26.3,2.7,58,4.67,1,1,Micro,2019
59,Amber,6.6,7,8.2,4.1,12,9.24,0,1,Regional,2022
60,Amber,5.7,24,30.9,2.73,69,13.03,1,0,Regional,2022
61,Pilsner,4.4,49,14.3,4.08,28,6.56,0,1,Micro,2023
62,Amber,3.2,83,35.3,4.05,186,10.97,0,1,Nano,2020
63,IPA,3.9,9,9.0,3.65,36,4.42,1,1,Large,2024
64,Stout,5.6,36,32.3,2.73,19,8.81,1,1,Micro,2018
65,Amber,6.9,28,9.1,3.54,59,10.26,0,1,Micro,2019
66,Wheat,5.7,11,2.7,4.28,53,9.39,0,1,Regional,2022
67,Saison,4.5,10,4.2,3.78,43,5.78,0,1,Regional,2022
68,Sour,4.4,9,33.0,3.78,27,4.21,1,0,Regional,2024
69,IPA,5.0,120,22.2,3.52,1,8.48,1,0,Micro,2024
70,Stout,5.9,69,14.2,3.92,1008,5.81,0,1,Large,2022
71,Stout,5.0,28,26.4,2.37,7,7.65,0,1,Nano,2022
72,Sour,4.3,13,16.3,4.52,78,12.41,1,1,Nano,2019
73,Sour,3.8,42,33.1,3.59,96,9.49,1,0,Micro,2021
74,Amber,4.0,10,30.4,3.17,1432,4.82,1,1,Nano,2024
75,Sour,4.0,35,19.7,3.77,1753,11.17,0,1,Micro,2020
76,Saison,4.9,52,2.4,4.54,100,8.5,1,0,Micro,2021
77,Pilsner,3.9,23,21.7,2.56,11,4.41,0,0,Micro,2024
78,Pilsner,4.2,16,16.6,3.15,12,11.22,0,0,Nano,2020
79,Lager,6.1,17,24.6,2.16,21,12.86,0,1,Micro,2018
80,Lager,5.9,58,8.1,2.91,52,11.47,1,0,Micro,2021
81,Lager,8.2,26,27.3,3.36,27,13.78,1,0,Regional,2019
82,Sour,5.5,101,9.8,2.52,12,5.57,1,0,Nano,2023
83,IPA,3.2,6,39.2,3.28,62,9.65,0,0,Micro,2024
84,Saison,3.1,9,33.1,3.74,15,4.92,0,1,Micro,2018
85,Pilsner,5.1,28,8.9,2.83,434,13.76,1,1,Nano,2018
86,Sour,4.9,38,22.7,3.07,15,6.15,1,1,Micro,2022
87,Wheat,4.6,25,19.3,3.81,19,13.42,0,1,Regional,2022
88,Saison,3.5,83,32.8,3.86,64,8.58,0,0,Micro,2024
89,Lager,3.7,12,30.1,4.16,7,11.94,1,1,Large,2022
90,IPA,6.8,27,13.2,4.07,31,13.55,0,0,Regional,2020
91,Amber,6.7,64,15.8,3.06,5,6.33,1,1,Nano,2022
92,Amber,5.4,112,4.3,3.16,49,12.16,0,0,Micro,2024
93,Stout,6.0,23,23.6,4.47,15,12.89,0,1,Nano,2021
94,Sour,3.5,120,30.8,4.4,25,9.52,0,0,Nano,2018
95,Stout,5.4,29,17.9,4.13,67,10.74,0,1,Regional,2021
96,Pilsner,4.1,105,37.9,3.4,29,8.43,0,0,Micro,2020
97,IPA,7.2,20,7.2,3.47,164,8.25,0,1,Micro,2020
98,Amber,5.7,23,35.9,3.67,12,5.59,0,0,Regional,2022
99,Sour,3.1,69,2.8,3.94,26,10.89,0,1,Regional,2018
100,Pale Ale,3.4,52,36.7,2.84,33,5.67,0,0,Regional,2020
101,Lager,4.8,26,13.6,3.32,183,5.82,0,1,Micro,2019
102,Porter,3.8,11,6.2,3.07,265,9.03,0,1,Micro,2018
103,Amber,6.9,120,39.6,2.89,12,8.58,0,0,Nano,2020
104,Amber,3.0,21,30.3,3.08,29,10.49,0,0,Micro,2023
105,Saison,4.8,28,22.1,3.39,3,9.22,0,1,Regional,2020
106,IPA,3.1,5,17.0,4.25,54,7.15,0,1,Nano,2021
107,Stout,4.4,17,11.7,3.79,58,4.58,0,1,Micro,2023
108,Saison,3.4,55,24.7,3.99,457,9.89,0,1,Regional,2022
109,Sour,4.8,24,19.1,4.06,42,8.89,0,0,Micro,2023
110,Sour,3.8,120,21.2,3.85,45,4.81,0,0,Micro,2019
111,Pilsner,4.0,34,19.6,4.36,27,10.99,0,1,Nano,2023
112,Sour,6.8,16,26.4,2.96,120,6.55,0,0,Large,2021
113,Porter,4.3,106,37.1,4.14,80,4.34,0,1,Regional,2022
114,IPA,3.0,120,38.2,4.37,104,4.11,0,1,Micro,2018
115,Porter,4.7,79,33.7,2.4,1355,9.4,0,1,Regional,2019
116,Wheat,7.6,30,12.2,3.94,5,13.28,0,1,Large,2020
117,Saison,5.5,23,11.4,3.04,0,12.48,0,1,Micro,2019
118,Saison,6.5,7,23.9,2.13,158,5.02,0,1,Regional,2023
119,IPA,4.1,36,39.0,2.66,50,7.18,0,0,Micro,2024
120,Wheat,6.0,37,23.0,3.61,23,7.13,0,0,Micro,2018
121,Saison,4.3,10,6.2,3.76,249,12.53,1,0,Micro,2020
122,IPA,5.5,28,34.9,1.29,70,12.0,1,1,Regional,2019
123,Pilsner,7.0,66,30.4,2.81,29,13.66,1,1,Regional,2021
124,Amber,3.6,21,11.1,2.96,208,9.21,0,0,Regional,2019
125,Porter,3.0,35,25.9,4.25,168,4.14,0,1,Large,2020
126,Sour,4.4,5,10.5,4.29,145,13.02,0,1,Nano,2021
127,Amber,5.5,116,18.2,3.34,8,4.36,0,0,Micro,2021
128,Sour,8.1,15,11.0,2.6,15,12.32,0,1,Micro,2021
129,Sour,5.1,21,24.7,3.86,84,9.19,0,1,Micro,2018
130,IPA,6.0,33,13.5,3.04,110,13.66,0,0,Micro,2019
131,Pale Ale,4.0,23,8.4,2.96,448,6.43,1,1,Micro,2018
132,IPA,4.1,58,4.3,2.55,23,9.13,0,1,Large,2022
133,Lager,5.5,20,26.0,3.59,54,4.14,0,1,Regional,2021
134,Lager,8.0,17,24.7,2.63,316,10.01,0,0,Nano,2023
135,Stout,5.0,57,9.4,3.97,44,4.68,0,0,Micro,2024
136,Porter,5.4,5,2.1,4.01,69,4.65,0,1,Regional,2023
137,Saison,4.0,9,7.2,3.29,51,11.29,1,1,Micro,2020
138,Lager,4.2,32,13.6,2.91,128,5.85,0,1,Micro,2021
139,Pale Ale,6.9,53,21.9,2.93,116,13.78,0,1,Regional,2020
140,Wheat,3.2,53,35.7,3.05,4,7.96,1,1,Nano,2023
141,Lager,3.9,5,10.0,3.86,143,8.83,0,0,Regional,2024
142,Lager,4.6,18,10.2,2.62,675,7.15,0,0,Nano,2022
143,Wheat,5.1,53,34.1,3.3,6,6.78,0,1,Micro,2019
144,Wheat,4.8,11,21.3,3.63,90,12.74,0,1,Large,2022
145,Pale Ale,6.3,22,28.3,2.35,129,12.93,1,1,Micro,2024
146,Pale Ale,12.0,38,15.2,4.51,7,6.09,0,0,Large,2024
147,Saison,3.6,28,33.9,2.14,17,4.39,0,1,Large,2024
148,Pilsner,5.4,40,19.1,4.21,19,6.78,1,0,Micro,2020
149,Wheat,4.0,23,36.3,3.11,75,12.25,0,1,Large,2018
150,IPA,6.5,42,17.2,4.69,7,8.98,0,1,Nano,2024
151,Lager,8.6,43,32.7,3.09,19,11.89,0,1,Micro,2021
152,IPA,4.9,53,4.1,2.74,94,12.33,1,1,Regional,2023
153,Saison,6.7,51,27.9,2.33,198,12.19,1,1,Micro,2020
154,Pilsner,3.7,59,7.4,3.73,57,9.83,0,0,Regional,2024
155,Amber,7.2,18,36.1,4.33,11,5.71,1,0,Nano,2018
156,Stout,8.3,19,38.7,2.55,36,10.32,1,0,Regional,2022
157,Stout,4.8,31,14.2,4.11,73,7.03,1,1,Regional,2020
158,Pilsner,6.1,120,23.4,3.18,535,11.64,0,1,Regional,2022
159,Porter,3.4,32,17.2,3.11,103,6.05,0,1,Large,2021
160,Stout,4.1,103,25.3,3.12,1247,10.46,0,1,Regional,2021
161,Saison,5.8,88,15.5,3.42,188,4.86,0,1,Micro,2023
162,Sour,10.1,89,33.1,3.57,337,12.02,0,0,Micro,2018
163,Porter,3.0,83,3.2,3.59,20,7.15,0,0,Regional,2023
164,Porter,5.2,12,30.2,3.55,170,13.73,1,1,Nano,2023
165,Saison,7.2,11,2.5,3.69,71,8.6,1,1,Micro,2018
166,Pale Ale,8.6,13,38.6,4.81,2151,6.57,0,0,Micro,2021
167,Wheat,4.7,66,3.5,2.52,32,5.26,0,0,Regional,2019
168,Lager,7.3,21,32.2,2.63,789,13.87,0,0,Micro,2021
169,Lager,6.2,16,28.6,2.73,717,8.0,0,1,Large,2020
170,Wheat,8.4,19,34.7,2.01,23,10.67,0,1,Large,2023
171,IPA,4.7,39,6.9,4.15,87,7.21,1,1,Micro,2022
172,Saison,5.1,15,15.5,2.81,6,6.26,1,0,Regional,2021
173,IPA,4.1,18,5.3,2.82,828,9.71,1,1,Micro,2023
174,Pale Ale,4.5,21,13.0,2.49,2,7.96,1,1,Micro,2020
175,Stout,4.5,56,25.2,3.19,4,8.81,0,1,Micro,2020
176,Porter,3.9,7,38.9,3.57,43,11.05,1,1,Micro,2020
177,Porter,8.5,27,11.7,3.38,13,6.82,0,1,Large,2022
178,Lager,5.0,20,14.9,3.45,12,5.54,0,1,Micro,2020
179,Sour,4.3,44,17.5,4.59,32,9.38,0,0,Micro,2023
180,Porter,4.4,24,3.2,3.27,229,5.16,0,1,Micro,2022
181,Saison,3.1,13,28.2,4.73,243,10.76,0,0,Micro,2018
182,Porter,6.0,120,6.8,2.7,108,9.91,0,0,Regional,2018
183,Wheat,3.8,93,35.4,2.47,115,6.34,1,0,Micro,2023
184,Stout,4.1,33,17.8,2.64,57,6.69,0,1,Micro,2021
185,Stout,7.0,43,35.2,3.42,258,5.86,0,1,Regional,2023
186,Wheat,4.2,14,29.9,4.64,65,12.92,1,0,Regional,2022
187,Sour,5.7,32,31.6,4.01,16,7.18,0,0,Micro,2018
188,Stout,4.2,120,16.3,3.87,36,13.11,1,0,Nano,2020
189,Pilsner,4.3,73,32.9,4.03,78,4.22,0,0,Regional,2018
190,Saison,4.1,11,23.3,3.51,197,7.93,1,0,Nano,2019
191,Sour,4.7,37,8.4,4.42,89,13.05,1,0,Regional,2020
192,Pale Ale,3.3,28,35.9,3.68,8,11.17,0,0,Regional,2022
193,Porter,6.2,41,17.5,4.73,193,4.61,0,0,Regional,2019
194,Porter,11.5,112,36.1,3.46,31,8.95,0,1,Regional,2018
195,Lager,5.9,13,23.9,3.68,119,5.27,0,1,Nano,2022
196,Saison,3.8,23,4.0,3.56,5,5.42,0,0,Micro,2018
197,Lager,6.1,11,31.8,3.33,129,8.44,0,0,Nano,2024
198,Stout,3.1,32,3.0,3.95,233,12.75,1,1,Micro,2020
199,IPA,3.9,29,5.8,4.35,25,7.64,0,1,Nano,2018
200,Pale Ale,4.3,120,14.8,3.68,99,10.85,0,1,Micro,2023
201,Saison,6.8,13,26.0,3.32,73,6.27,1,1,Regional,2018
202,Saison,6.1,55,18.3,2.35,18,8.03,1,0,Micro,2022
203,Wheat,3.2,5,17.1,4.36,228,5.15,0,0,Micro,2021
204,Porter,6.3,120,18.3,3.29,39,5.35,0,1,Micro,2020
205,Sour,4.2,27,6.8,4.28,30,10.53,0,0,Micro,2018
206,Saison,5.9,30,28.6,3.54,134,4.12,0,0,Micro,2022
207,Pale Ale,3.9,22,9.6,3.01,74,11.14,0,1,Micro,2020
208,Lager,4.8,39,18.5,2.75,149,12.64,1,1,Regional,2021
209,Saison,3.9,16,38.9,3.98,69,6.54,1,1,Regional,2019
210,Lager,4.8,30,37.3,4.2,101,12.74,0,0,Nano,2020
211,IPA,3.5,79,31.2,2.81,49,11.32,0,1,Nano,2024
212,Wheat,3.8,19,35.7,4.1,20,12.24,1,1,Regional,2023
213,Pilsner,4.1,21,28.0,4.65,18,11.87,0,1,Micro,2019
214,Pilsner,3.7,21,33.1,3.95,20,4.02,0,1,Micro,2019
215,Pale Ale,4.4,58,11.4,4.53,25,10.78,1,0,Regional,2023
216,Pale Ale,5.1,24,19.3,2.68,5504,8.49,0,1,Micro,2023
217,Sour,7.4,18,12.9,2.96,124,13.88,0,1,Micro,2020
218,Stout,3.5,31,3.4,3.59,18,9.8,0,0,Micro,2023
219,IPA,3.6,63,11.1,3.09,251,10.04,1,1,Micro,2022
220,Lager,5.0,9,11.7,3.82,916,14.0,0,1,Large,2021
221,Porter,3.0,49,28.0,2.86,25,6.68,1,1,Regional,2019
222,Amber,5.3,35,15.0,1.56,27,11.71,0,1,Micro,2024
223,Sour,5.0,37,10.2,3.35,3,4.55,0,0,Large,2022
224,Saison,5.8,27,2.5,3.79,35,8.92,0,0,Nano,2023
225,Pale Ale,9.7,27,17.2,2.5,181,10.3,0,1,Micro,2018
226,Amber,5.0,47,31.3,3.44,32,6.07,1,1,Large,2021
227,Pilsner,4.2,7,25.8,3.81,11,8.74,1,1,Regional,2024
228,Lager,6.6,14,36.1,3.02,5,8.57,0,0,Micro,2023
229,Pale Ale,4.9,7,23.8,3.64,87,6.81,0,1,Regional,2020
230,Stout,4.7,115,3.8,3.82,21,10.08,0,1,Micro,2020
231,Porter,8.5,74,18.6,3.5,1142,10.77,0,1,Micro,2023
232,IPA,6.2,5,17.9,2.99,59,4.88,1,1,Regional,2023
233,Wheat,3.7,36,34.3,3.95,16,5.55,1,1,Micro,2018
234,Lager,3.8,22,27.0,2.59,204,13.57,0,1,Regional,2021
235,Amber,3.3,43,12.1,3.56,1165,4.39,0,1,Micro,2019
236,Pale Ale,3.6,35,28.6,3.46,820,5.09,1,1,Micro,2018
237,Stout,6.9,24,33.6,2.63,13,12.13,1,1,Micro,2021
238,Sour,4.3,25,4.2,3.79,8,12.09,0,1,Large,2024
239,Pale Ale,3.0,61,29.4,4.22,7,13.54,0,1,Regional,2020
240,Pilsner,5.7,16,32.2,3.01,155,12.66,0,1,Regional,2019
241,Wheat,5.2,19,15.7,4.38,35,6.16,0,1,Large,2023
242,Sour,4.3,45,38.1,4.03,19,10.81,1,0,Nano,2020
243,Porter,4.1,53,33.6,3.54,188,5.98,1,0,Micro,2023
244,Saison,5.0,34,12.0,4.05,14,12.24,1,0,Micro,2019
245,Pilsner,5.1,18,16.9,3.89,250,9.22,0,1,Micro,2021
246,Stout,5.6,7,36.5,1.57,12,8.64,0,1,Nano,2018
247,Pilsner,3.0,7,33.6,3.19,32,9.01,1,1,Large,2019
248,Lager,3.6,23,32.7,2.9,437,4.24,0,1,Regional,2021
249,Pilsner,4.3,30,38.9,3.67,65,11.16,1,0,Micro,2018
250,Saison,3.3,20,4.8,3.98,11,5.67,1,1,Micro,2023
251,Saison,5.7,11,4.4,4.06,529,5.37,1,1,Large,2024
252,Sour,6.1,10,18.5,3.58,299,7.01,0,0,Micro,2020
253,Sour,4.1,30,36.7,3.95,472,8.9,1,1,Micro,2022
254,Pale Ale,6.0,80,22.3,3.4,4,9.09,1,1,Micro,2021
255,Porter,5.3,14,37.5,4.49,85,10.57,1,1,Nano,2018
256,Wheat,5.3,26,7.9,2.6,19,4.66,0,1,Nano,2021
257,Stout,3.0,15,30.0,3.85,22,7.39,1,1,Regional,2021
258,Saison,4.7,43,14.3,4.53,143,6.45,1,1,Micro,2022
259,Lager,4.1,24,27.7,3.98,3,8.03,0,1,Micro,2022
260,IPA,4.7,59,18.3,3.65,69,9.09,0,1,Nano,2022
261,Stout,4.4,29,13.5,3.08,544,12.49,0,1,Micro,2022
262,Saison,3.5,29,34.5,3.24,67,12.6,0,1,Regional,2023
263,IPA,4.5,13,16.8,4.31,281,9.35,0,0,Micro,2023
264,Pilsner,4.4,13,10.7,3.92,65,11.86,1,1,Nano,2020
265,IPA,6.5,39,7.7,3.89,15,8.04,0,1,Micro,2024
266,IPA,4.7,32,8.7,3.93,987,13.88,1,1,Micro,2022
267,Saison,4.2,120,21.9,3.07,40,5.26,0,1,Micro,2022
268,Sour,3.4,11,4.1,2.39,8,5.43,1,1,Regional,2018
269,Stout,11.2,59,4.9,3.56,6,6.93,1,1,Large,2019
270,Porter,6.7,30,19.2,3.89,41,5.04,0,1,Regional,2018
271,Amber,5.2,12,28.6,2.59,202,4.06,1,1,Micro,2020
272,Stout,3.2,5,28.2,4.43,53,7.27,0,1,Regional,2020
273,Saison,3.1,16,36.2,3.19,5,4.46,0,1,Micro,2022
274,Pilsner,8.2,18,21.2,3.7,61,9.82,0,1,Micro,2024
275,Lager,8.0,18,10.3,3.86,280,12.35,0,1,Large,2022
276,Lager,5.4,55,32.4,3.07,45,5.82,1,0,Large,2024
277,Pilsner,3.9,18,7.6,3.28,485,10.01,0,1,Regional,2021
278,Lager,4.2,33,27.6,2.96,15,6.42,0,0,Micro,2021
279,Lager,3.8,8,28.6,3.01,209,9.3,1,1,Regional,2018
280,Saison,9.2,37,9.3,3.56,112,9.35,0,0,Micro,2018
281,Stout,4.7,9,4.1,2.9,120,4.52,1,0,Large,2020
282,Stout,6.3,46,9.1,3.82,106,13.3,0,0,Micro,2021
283,Saison,6.6,58,32.2,3.82,33,5.78,0,1,Micro,2023
284,Porter,3.4,8,33.7,3.98,85,9.76,1,0,Micro,2021
285,Sour,5.1,120,12.0,3.63,28,8.58,0,0,Micro,2024
286,Porter,4.6,18,21.7,4.1,82,12.04,1,1,Micro,2022
287,Pale Ale,7.3,36,4.1,4.16,84,7.77,0,1,Micro,2019
288,Wheat,5.9,49,9.4,4.0,38,11.3,0,0,Regional,2020
289,Pale Ale,4.9,15,23.5,3.3,44,11.74,1,0,Regional,2021
290,Pale Ale,5.2,15,10.8,3.96,6,5.65,0,1,Micro,2021
291,Lager,4.0,19,3.9,2.98,59,10.73,1,1,Nano,2019
292,Stout,3.7,39,35.8,3.6,132,8.37,0,1,Micro,2022
293,Lager,3.9,43,10.8,3.28,78,13.55,1,1,Nano,2018
294,Sour,5.7,82,31.5,3.28,67,13.88,0,1,Regional,2018
295,Sour,6.5,73,18.1,3.36,6,11.01,1,0,Nano,2022
296,Stout,6.0,72,28.8,3.51,96,9.64,1,1,Micro,2023
297,Pale Ale,3.1,54,15.5,4.12,8,7.18,0,0,Micro,2022
298,Stout,5.5,51,24.9,3.4,17,6.63,1,0,Regional,2024
299,Saison,6.0,19,26.9,3.54,9,8.79,0,0,Large,2019
300,Saison,8.3,17,6.7,4.16,11,9.35,1,1,Nano,2019
301,Pilsner,3.3,7,35.6,2.24,67,9.45,0,1,Micro,2024
302,Pilsner,6.8,83,15.4,1.95,7,12.09,0,1,Regional,2022
303,Amber,8.0,28,31.9,3.64,8,12.43,1,0,Micro,2020
304,IPA,3.6,35,23.0,3.31,586,7.54,0,1,Micro,2020
305,Wheat,6.0,5,9.0,4.1,897,9.11,0,0,Micro,2020
306,Lager,3.0,16,15.5,3.17,242,11.57,0,0,Micro,2020
307,Stout,4.9,59,5.2,3.79,34,12.72,1,1,Micro,2019
308,Stout,3.6,35,12.3,3.73,301,5.5,0,0,Nano,2024
309,Sour,6.1,15,9.9,3.59,121,11.47,0,1,Large,2024
310,Pale Ale,4.9,24,12.4,4.14,2,13.19,1,1,Large,2021
311,Pale Ale,4.5,120,32.5,3.95,311,6.51,1,1,Regional,2023
312,IPA,5.9,22,5.0,3.3,8,8.89,1,1,Regional,2022
313,Pilsner,3.8,29,26.0,2.77,25,4.03,0,1,Regional,2024
314,Porter,5.0,26,15.4,3.87,85,12.22,0,1,Regional,2021
315,Saison,6.1,32,20.4,4.18,84,12.43,0,1,Regional,2018
316,Pilsner,4.5,71,10.1,3.56,97,13.14,0,0,Nano,2024
317,Wheat,5.2,120,38.2,4.11,328,11.3,0,1,Regional,2018
318,Porter,4.6,88,27.2,4.1,81,7.39,0,0,Regional,2020
319,IPA,7.6,32,9.7,2.71,69,5.81,0,0,Regional,2024
320,Wheat,7.6,70,20.6,3.15,544,7.38,1,0,Regional,2023
321,Porter,4.8,8,7.9,4.2,48,6.28,0,1,Micro,2020
322,Saison,4.8,26,36.6,4.35,45,5.08,0,1,Micro,2019
323,Pale Ale,3.7,15,19.9,3.95,106,8.66,0,1,Regional,2021
324,Saison,9.7,17,4.8,3.03,1097,6.04,0,1,Nano,2018
325,Sour,6.3,58,7.7,4.15,19,4.65,0,1,Micro,2020
326,Lager,6.5,80,20.9,2.55,4,9.56,0,0,Large,2021
327,Amber,7.6,9,9.5,3.82,53,9.69,1,1,Regional,2023
328,Saison,4.9,23,29.0,3.34,443,9.08,0,1,Nano,2024
329,Pilsner,4.6,16,18.2,3.97,131,5.76,1,1,Nano,2023
330,Saison,7.7,46,23.4,3.44,25,8.18,0,1,Micro,2019
331,IPA,4.2,65,25.5,4.35,55,11.03,0,0,Large,2020
332,Stout,4.7,120,38.0,4.2,12,11.2,0,0,Large,2020
333,Stout,5.4,70,37.5,4.74,3,10.01,0,0,Micro,2021
334,Amber,3.6,67,16.3,3.38,35,12.33,0,0,Micro,2020
335,Porter,6.3,12,36.0,3.23,12,10.17,1,0,Micro,2023
336,Amber,5.8,15,39.8,3.3,34,4.59,0,0,Regional,2020
337,Pilsner,4.2,28,35.4,2.68,5,11.7,1,1,Micro,2021
338,Porter,7.0,120,3.9,4.45,722,7.85,0,1,Micro,2019
339,Porter,3.5,28,14.4,4.27,226,6.21,1,0,Regional,2019
340,Porter,4.4,85,6.2,3.9,24,4.35,1,0,Micro,2022
341,Sour,7.8,19,28.0,4.04,58,7.24,1,1,Nano,2018
342,IPA,4.8,26,15.3,3.14,268,10.11,0,1,Regional,2021
343,Porter,3.2,26,9.2,4.01,86,12.53,1,1,Regional,2020
344,IPA,5.3,18,9.9,4.54,32,7.13,1,1,Regional,2020
345,Pilsner,4.6,46,16.3,2.6,110,9.07,1,1,Regional,2020
346,Pale Ale,5.8,9,24.6,2.84,36,5.57,1,1,Micro,2018
347,Wheat,6.9,6,27.9,4.15,44,8.51,0,0,Regional,2018
348,Pale Ale,4.9,21,2.8,3.19,750,6.84,0,0,Micro,2019
349,Pale Ale,3.0,42,39.3,2.82,103,5.46,0,1,Micro,2024
350,Pale Ale,5.9,14,3.5,3.48,48,8.9,0,1,Micro,2024
351,Wheat,3.7,120,39.2,4.37,12,13.51,0,1,Micro,2021
352,Amber,5.8,27,12.2,3.67,122,10.11,0,0,Nano,2023
353,Sour,6.4,28,35.9,3.46,258,11.18,0,1,Micro,2019
354,Stout,6.8,12,35.4,3.49,308,6.21,0,1,Micro,2018
355,Pale Ale,6.4,44,20.4,3.34,2559,8.28,1,1,Regional,2021
356,Sour,4.5,61,30.5,2.84,12,12.73,0,1,Micro,2021
357,Porter,4.8,31,27.3,3.76,2,8.31,1,1,Large,2024
358,Pale Ale,5.6,34,33.2,4.03,244,7.08,0,1,Regional,2019
359,Lager,6.3,32,23.1,4.26,9,5.58,1,0,Regional,2022
360,Sour,3.7,13,14.8,2.39,9,9.82,0,1,Regional,2022
361,Porter,6.5,85,17.9,3.76,125,4.71,1,1,Micro,2018
362,Stout,3.0,21,7.3,3.95,87,5.88,1,0,Regional,2022
363,Amber,3.0,107,12.9,2.7,20,6.02,1,0,Micro,2022
364,Wheat,3.0,10,38.8,4.69,15,4.38,0,1,Micro,2024
365,IPA,5.8,56,18.3,4.33,57,4.94,1,1,Micro,2020
366,Pilsner,6.0,31,29.1,4.2,26,8.24,1,1,Micro,2022
367,Lager,5.3,29,13.8,4.19,65,4.08,0,0,Micro,2020
368,Stout,4.2,16,29.3,4.73,12,8.63,1,1,Large,2022
369,Pale Ale,5.7,46,20.1,3.67,14,13.69,0,0,Regional,2021
370,Saison,4.1,41,32.0,2.73,5,8.55,0,1,Micro,2022
371,Saison,4.5,113,17.2,4.6,94,12.11,0,0,Micro,2020
372,IPA,3.9,46,38.6,2.34,20,4.03,1,1,Micro,2023
373,Amber,6.0,19,9.0,3.88,162,11.43,0,1,Regional,2022
374,Stout,4.2,19,21.2,3.22,2,8.6,0,1,Micro,2024
375,Wheat,5.6,35,8.2,3.3,6,6.93,0,1,Regional,2022
376,Wheat,5.1,89,12.0,3.98,42,4.04,0,1,Nano,2023
377,Sour,8.0,36,21.7,3.57,19,9.87,0,1,Micro,2018
378,Stout,5.1,61,8.7,2.33,10,11.76,1,0,Micro,2021
379,Porter,7.2,34,6.1,3.42,35,5.7,0,0,Large,2018
380,Wheat,6.3,6,34.2,3.08,35,11.87,0,0,Regional,2018
381,Pale Ale,3.5,39,15.9,3.14,201,12.7,1,0,Micro,2022
382,Sour,4.2,23,29.0,3.55,81,11.54,0,1,Micro,2020
383,Porter,4.6,72,20.2,3.12,295,12.1,0,0,Regional,2023
384,Saison,5.8,101,30.4,3.24,546,10.66,0,0,Large,2021
385,Porter,6.3,114,11.9,4.55,21,11.9,0,0,Nano,2023
386,Pale Ale,6.0,23,5.8,3.37,285,12.67,0,0,Nano,2024
387,Sour,3.9,18,21.9,3.09,202,9.26,0,1,Micro,2024
388,Wheat,4.9,20,26.1,3.51,51,12.32,0,1,Micro,2021
389,Saison,4.4,24,38.1,1.56,120,11.9,0,1,Micro,2023
390,Amber,5.5,30,31.4,3.87,72,5.95,0,0,Nano,2024
391,Porter,3.0,12,35.2,3.53,50,6.87,1,1,Micro,2018
392,Pale Ale,4.9,27,29.7,4.03,80,12.77,1,1,Regional,2022
393,Pilsner,3.0,5,39.8,3.34,89,7.96,1,1,Nano,2022
394,IPA,3.6,120,30.1,3.82,252,13.97,1,0,Micro,2020
395,Lager,8.1,22,26.8,3.67,11,10.6,0,0,Large,2020
396,Pilsner,8.2,19,14.0,4.03,171,4.47,0,1,Nano,2021
397,Pilsner,4.1,41,11.4,4.27,9,7.87,1,1,Micro,2021
398,Saison,5.7,53,12.6,4.18,48,11.92,0,1,Micro,2020
399,Pilsner,5.7,5,3.0,4.48,80,7.69,1,0,Micro,2024
400,Lager,7.5,15,10.9,3.91,1,7.76,0,1,Micro,2020
